"Term","Overlap","P.value","Adjusted.P.value","Old.P.value","Old.Adjusted.P.value","Odds.Ratio","Combined.Score","Genes"
"Apoptosis WP1254","66/81",2.97844876499885e-08,2.57866171994742e-06,0,0,4.08273325590399,70.7508201124668,"HRK;TRADD;TRP63;TNF;CASP9;CASP7;CASP8;CASP6;MYC;CASP3;CASP4;CASP1;TNFSF10;AKT1;CASP2;IKBKG;BOK;DFFB;HELLS;BNIP3L;APAF1;CHUK;SCAF11;TRP73;TRAF2;TRAF1;TNFRSF1B;TNFRSF1A;IRF4;TRAF3;IRF1;IRF2;IRF7;LTA;BIRC5;IRF5;IRF6;TNFRSF21;BIRC2;BIRC3;PIK3R1;RELA;BCL2L11;PMAIP1;BAK1;BID;MCL1;JUN;MAP3K1;CRADD;BAD;IGF2;TNFRSF10B;CFLAR;IGF1;NFKB1;NFKBIA;MAPK10;FASL;TRP53;FAS;BAX;NFKBIE;BCL2L2;NFKBIB;BCL2L1"
"TYROBP Causal Network WP3625","50/58",3.89658931150446e-08,2.57866171994742e-06,0,0,5.79459798994975,98.8591974121451,"CD84;NRROS;ITGAM;NCF2;ITGB2;PLEK;LOXL3;TCIRG1;PPP1R18;CXCL16;PYCARD;LYL1;RGS1;CREB3L2;ITGAX;CD37;IL13RA1;GPX1;IL18;RNASE6;TNFRSF1B;RUNX3;TGFBR1;APBB1IP;TYROBP;SLC7A7;MAF;BIN2;ELF4;NPC2;DPYD;HCLS1;TMEM106A;RBM47;IGSF6;KCNE3;CAPG;SLC1A5;SAMSN1;C3;HLX;SPP1;NCKAP1L;SH2B3;STAT5A;IL10RA;LHFPL2;CD4;GAPT;C1QC"
"Focal Adhesion WP85","132/185",5.37287480360522e-08,2.57866171994742e-06,0,0,2.3166194325287,38.778628517036,"MYLK2;ITGA2B;TNC;ARAF;TESK2;ELK1;ACTB;MYLK;CCND3;CCND2;CCND1;IBSP;AKT3;AKT1;CAPN1;PDGFRB;MAP2K3;PDGFRA;MAP2K2;ACTN1;HGF;PGF;COL4A2;COL4A1;COL4A4;SELENOP;COL4A6;VCL;BLK;SHC1;PDGFB;PDGFA;PIK3R1;PIK3R5;RAP1B;VTN;PDGFD;PIP5K1C;VASP;JUN;CAV3;TNK2;FN1;IGF1;COL1A1;COL1A2;COL5A1;ITGA10;COL5A3;COL5A2;ITGA11;GRB2;ITGB1;FLT1;ITGAM;ITGB5;LAMC3;ITGB4;ITGB3;ITGB2;ILK;PIK3CD;LAMC2;PIK3CB;ITGAE;LAMC1;ARHGAP5;ITGAL;PIK3CG;ITGAX;RAC2;RAC3;ITGB8;ITGAV;ITGB7;ITGB6;PPP1R12A;ITGA4;ITGA3;PDPK1;ITGA2;RHOA;VAV1;RHOB;FGR;HCK;ITGAD;COL6A2;RAPGEF1;ITGA7;ITGA5;SOS1;BIRC2;BIRC3;ITGA9;LAMA5;TNXB;LAMA2;ROCK2;SRC;LAMA1;LAMA4;COL11A1;LAMA3;THBS2;THBS1;THBS4;THBS3;CDC42;MAPK9;PAK1;RELN;MAPK7;SPP1;FLNA;PAK6;FYN;PAK3;MAPK6;PAK2;MAPK4;FARP2;LAMB3;EGF;BAD;STYK1;VEGFB;VEGFD;LAMB1;VEGFA;COL3A1;ZYX"
"Adipogenesis genes WP447","100/134",5.86059481806232e-08,2.57866171994742e-06,0,0,2.73268367358596,45.5058226047507,"RB1;CNTFR;IRS1;INS2;SERPINE1;CISD1;RORA;AHR;TNF;NAMPT;MEF2A;MBNL1;MEF2C;WNT5B;EBF1;LIFR;MIF;HNF1A;PRLR;BSCL2;SFRP4;TRIB3;IL6ST;EPAS1;LPL;TWIST1;GATA4;GATA2;HIF1A;FOXO1;ZMPSTE24;SOCS3;SOCS1;DVL1;NDN;PCK1;PPARGC1A;PCK2;STAT5A;WWTR1;STAT5B;WNT10B;EGR2;TGFB1;SMAD3;GADD45B;GADD45A;NR2F1;LIF;HMGA1;NSG1;IGF1;BMP4;BMP3;BMP2;IL6;BMP1;SP1;SLC2A4;CYP26B1;SCD1;NCOA1;SREBF1;PTGIS;KLF15;NCOR2;RBL2;CREB1;RBL1;RARA;PPARG;PLIN2;PPARA;PPARD;FOXC2;CEBPB;CEBPD;UCP1;AGPAT2;RXRA;FRZB;LMNA;NRIP1;E2F1;SPOCK1;STAT6;RXRG;STAT1;STAT2;STAT3;OSM;NR1H3;AGT;KLF7;KLF6;KLF5;FABP4;PNPLA3;FAS;LPIN1"
"p53 signaling WP2902","54/67",1.07009945301274e-06,3.76675007460485e-05,0,0,3.85066036052115,52.9379505004912,"STEAP3;CDKN1A;CD82;SERPINE1;BBC3;CASP9;CCND3;CASP8;CCND2;CCND1;SESN3;CHEK2;CASP3;SESN1;CHEK1;SESN2;GTSE1;APAF1;SIAH1A;TRP73;TSC2;SIAH1B;SERPINB5;RRM2B;CCNE2;CCNE1;EI24;RCHY1;THBS1;CCNB2;CCNB1;ZMAT3;PERP;PMAIP1;SFN;BID;RPRM;RRM2;GADD45B;CDKN2A;GADD45A;IGF1;GADD45G;CDK6;CDK4;TRP53;CCNG2;CDK2;CCNG1;CDK1;FAS;BAX;CYCS;MDM4"
"TCA Cycle WP434","28/31",6.10743019067358e-06,0.000179151285593092,0,0,8.63940855030537,103.724777621099,"PCX;DLST;PDHB;IDH3B;PDK3;DLAT;PDK2;IDH3A;PDHX;PDHA1;MDH1;MDH2;IDH3G;IDH2;SDHC;SDHD;SDHA;SDHB;FH1;CS;PDP1;PDP2;SUCLA2;OGDH;SUCLG2;SUCLG1;ACO2;DLD"
"Spinal Cord Injury WP2432","73/99",7.4284647565923e-06,0.000186772828165749,0,0,2.60401564537158,30.7539230456249,"RB1;BTG2;XYLT1;AQP4;CXCL1;TNF;CXCL2;ICAM1;TNFSF13B;GJA1;CCND1;MYC;CASP3;SOX9;NOS1;CCR2;SEMA6A;ANXA1;IL1R1;ARG1;PRKCA;FOS;RHOC;MMP9;RHOA;RGMA;RHOB;MMP12;MAG;VCAN;COL4A1;IL1B;LTB4R1;LTB;CD47;TLR4;RTN4R;ROCK2;PLA2G6;PIRB;NTN1;RTN4;EFNB2;CHST11;PLXNA2;E2F1;SLIT1;CCL2;MBP;SLIT2;NGFR;EGR1;TGFB1;NOS2;GADD45A;BDNF;SELP;FKBP1A;CXCL10;NR4A1;IL6;GDNF;PTPRA;CDK4;TRP53;CDK2;CCNG1;CDK1;NOX4;CSPG4;VIM;HC;FCGR2B"
"Chemokine signaling pathway WP2292","127/190",2.18126409689711e-05,0.000437486075512984,0,0,1.87220452715536,20.094410310162,"NCF1;CXCL13;CXCL14;CXCL16;PREX1;AKT3;AKT1;PRKACA;PRKCB;PRKCD;TIAM1;ADCY9;PARD3;ELMO1;SHC4;SHC2;SHC1;PIK3R3;PIK3R1;FOXO3;PRKCZ;PIK3R5;RAP1B;GRK2;GRK5;GRK6;CCR10;LYN;CCR1;STAT5B;XCR1;PPBP;GNG12;GNG11;NFKB1;NFKBIA;CXCL10;CXCL12;GNB1;GNB4;GRB2;NFKBIB;ITK;CXCL9;GSK3A;PIK3CD;CXCL1;ARRB1;PIK3CB;WASL;ARRB2;CXCL2;CX3CL1;CXCL5;PIK3CG;GNGT2;CCR9;RAC2;CCR8;CCR7;IKBKG;CCR5;CCR4;HRAS;JAK3;CCR3;CCR2;VAV3;CHUK;RHOA;VAV1;FGR;HCK;PLCB3;XCL1;DOCK2;SOS1;PLCB1;SOS2;PLCB2;CX3CR1;CCL12;CCL11;ROCK2;ADCY4;CXCR5;WAS;ADCY3;CXCR4;PRKX;ADCY1;CXCR6;ADCY7;RELA;ADCY6;GNAI1;ADCY5;GNAI2;CDC42;NRAS;PAK1;CCL9;GNG2;CCL8;CCL7;GNG4;CCL6;CXCR3;CCL5;CXCR2;CCL4;CCL3;GNG8;PTK2B;CCL2;CCL1;CSK;CCL17;CCL24;CCL22;CCL20;STAT1;STAT2;STAT3;KRAS;CCL28;PF4"
"Glycolysis and Gluconeogenesis WP157","41/51",2.43936872127432e-05,0.000437486075512984,0,0,3.79716134015642,40.3303575490275,"PCX;ENO1B;SLC2A1;SLC2A2;SLC2A3;ENO1;SLC2A4;PDHB;SLC2A5;ENO2;ENO3;HK2;HK1;GPI1;HK3;LDHB;LDHA;MPC1;MPC2;PGK1;DLAT;PCK1;PDHX;TPI1;PDHA1;GOT1;MDH1;MDH2;PGAM1;PGAM2;GOT2;PFKL;PKM;ALDOC;ALDOB;ALDOA;FBP1;DLD;GAPDH;PFKM;FBP2"
"Mitochondrial LC-Fatty Acid Beta-Oxidation WP401","16/16",2.83325892394014e-05,0.000437486075512984,0,0,153632,1608757.15809459,"PECR;CPT1A;ACADVL;ACSL1;ECI1;ACSL4;ACSL3;HADHA;ACADL;CPT2;SCP2;EHHADH;ACADM;SLC25A20;HADH;ACADS"
"Amino Acid metabolism WP662","69/95",3.06038436535085e-05,0.000437486075512984,0,0,2.46037668401886,25.5741023690593,"HIBADH;TAT;HNMT;AUH;ACADM;HADH;GLUL;HIBCH;PDHX;ARG1;GPT2;MARS2;CAD;MCCC1;SDHD;SDHA;FH1;ACLY;LARS2;PKM;EHHADH;SMS;SUCLG1;BCAT1;ALDH7A1;DLD;TPH1;DDC;OAT;PCX;PPM1L;HDC;ODC1;DLST;ACAA1A;ADH7;ADH5;HMGCL;LDHA;ADH1;CBS;ASL;ACSS1;PCK1;PRODH;MPST;PDHA1;GOT1;MDH1;MDH2;GSS;IDH1;GSR;GOT2;ASNS;PYCR1;FAH;ASS1;CS;GLUD1;HAL;BHMT;GSTA4;P4HA2;CTH;OGDH;ALDH18A1;ACO2;GCLM"
"Oxidative Stress WP412","25/28",3.22000654316777e-05,0.000437486075512984,0,0,7.71152672001028,79.7645010783919,"NFIX;MGST1;GSTT2;TXN2;HMOX1;JUNB;NQO1;GPX1;UGT1A1;GPX3;TXNRD2;TXNRD1;GSR;CYBA;FOS;MAPK14;SOD2;SOD3;NFKB1;SOD1;MAPK10;GCLC;SP1;CAT;CYP1A1"
"Endochondral Ossification WP1270","48/62",3.23143123958454e-05,0.000437486075512984,0,0,3.17614906832298,32.841382375359,"CDKN1C;THRA;IHH;PLAT;PTH1R;FGF2;GLI3;PTHLH;GHR;ADAMTS4;ADAMTS5;SCIN;CHST11;CTSL;PLAU;ADAMTS1;FRZB;KIF3A;SPP1;SERPINH1;AKT1;COL10A1;TIMP3;ENPP1;SOX9;PRKACA;SOX6;SLC38A2;STAT5B;MEF2C;TGFB1;HMGCS1;STAT1;IGF2;IGF1;MMP9;RUNX3;BMP7;RUNX2;BMP6;VEGFA;MGP;FGF18;CALM1;FGFR3;DDR2;BMPR1A;FGFR1"
"IL-7 Signaling Pathway WP297","36/44",3.762040949685e-05,0.000472942290817543,0,0,4.1664736537348,42.4478829623398,"BLK;RB1;IRS1;SHC1;CBLB;PIK3R1;IL2RG;CBL;FOXO3;FOXO1;MUC1;BCL2L11;CCND2;AKT1;PTK2B;FYN;HRAS;JAK3;MCL1;JAK1;LYN;STAT5A;STAT5B;MAP2K2;STAT1;BAD;STAT3;CCNA2;CDK4;IRF1;CDK2;BAX;GRB2;IL7R;SOS1;STAM2"
"IL-5 Signaling Pathway WP151","52/69",5.64651816510948e-05,0.000662524798039512,0,0,2.83383177357547,27.7202203830634,"GSK3A;ITGAM;ITGB2;ELK1;PIK3CG;ICAM1;CCND3;PIM1;AKT1;HRAS;SOX4;JAK1;MAP2K2;SYK;PRKCB;PRKCD;PLA2G4A;VAV1;DNM2;HCK;RAPGEF1;BTK;HCLS1;SHC2;SHC1;CSF2RB;PIK3R1;FOXO3;CBL;RAP1GAP;SDCBP;MAPK9;SOCS1;ALOX5;PTK2B;SH2B2;LYN;STAT5A;STAT5B;JUN;STAT1;STAT3;MAPK14;NFKB1;NFKBIA;ALOX5AP;IL2RB;BAX;UNC119;PTPN6;KRAS;GRB2"
"Electron Transport Chain WP295","73/103",7.03842412014808e-05,0.000774226653216288,0,0,2.25587086359968,21.5696021284528,"COX7B;NDUFA12;COX4I1;NDUFA10;COX6A1;UQCRFS1;COX8A;NDUFC2;SDHC;NDUFC1;SDHD;SDHA;SDHB;COX6B1;COX7A2L;NDUFS8;SCO1;NDUFS7;NDUFS6;NDUFS5;NDUFS4;UQCRC1;NDUFS3;NDUFS2;ND1;NDUFS1;UQCRC2;SLC25A5;ND2;SLC25A4;ND5;ND4;ND6;NDUFB9;NDUFB7;NDUFB10;UQCRB;NDUFB6;COX15;NDUFB5;NDUFB4;NDUFB3;UCP1;NDUFB2;COX7A2;UQCR11;UQCR10;COX5B;COX7A1;COX5A;UQCRH;SLC25A27;NDUFB4C;UCP2;NDUFB4B;COX1;NDUFV3;NDUFV2;NDUFV1;NDUFA9;NDUFA8;SURF1;NDUFA7;NDUFA6;NDUFA5;NDUFA4;NDUFA3;NDUFA2;NDUFA1;COX6C;UQCRQ;NDUFAB1;CYTB"
"Oxidative Damage WP1496","34/42",9.43865819985238e-05,0.000969194596557249,0,0,3.93424353531455,36.4630082836351,"C1QB;CDKN1C;C1QA;CDKN1A;PCNA;C5AR1;TNF;CDC42;C4B;CASP9;BAG4;C1S1;CASP3;C3AR1;MAP3K9;BAK1;C1RA;MAP3K1;APAF1;BAD;GADD45A;TNK2;TRAF2;TRAF1;TNFRSF1B;NFKB1;MAPK13;MAPK10;TRAF3;TDP2;CYCS;HC;NFKBIE;C1QC"
"PPAR signaling pathway WP2316","59/81",9.91221746479004e-05,0.000969194596557249,0,0,2.48494227505737,22.9090739172916,"SLC27A1;CYP4A30B;ILK;AQP7;DBI;FADS2;CPT2;ACADL;SCP2;ME1;SCD2;OLR1;CD36;ACADM;SCD1;CPT1A;ACSL1;PDPK1;CYP4A10;APOA2;CYP4A14;ACSL4;ACSL3;CPT1C;CPT1B;CYP27A1;ACOX2;ACOX1;EHHADH;SLC27A6;PPARG;ACSBG1;ACOX3;ANGPTL4;PPARA;SLC27A2;SLC27A4;PPARD;CYP4A12A;CYP4A12B;UCP1;LPL;ACAA1B;ACAA1A;RXRB;RXRA;UBC;PCK1;PLTP;RXRG;PCK2;GK;CYP4A31;CYP4A32;NR1H3;APOC3;FABP3;FABP4;FABP7"
"Primary Focal Segmental Glomerulosclerosis FSGS WP2573","53/72",0.000140531243757908,0.00130176310007325,0,0,2.58400447711836,22.9203282887756,"SCARB2;ITGB1;CDKN1C;SMARCAL1;CDKN1A;ITGB4;CD80;ITGB3;ILK;MKI67;CLDN1;CDH2;YWHAQ;CTSL;DAG1;AKT1;PLCE1;ITGAV;SYNPO;NCK1;KIRREL3;KIRREL2;TRPC6;MME;ITGA3;KRT8;PLAUR;DKK1;CD2AP;INF2;COL4A4;COL4A3;MYH9;IRF6;LMX1B;TLR4;VCL;LAMA5;PCNA;CD151;LRP5;LRP6;VTN;PODXL;FYN;TGFB1;MYO1E;NPHS1;NPHS2;FAT1;VIM;AGRN;LIMS1"
"Microglia Pathogen Phagocytosis Pathway WP3626","33/41",0.000148406103235706,0.00130597370847422,0,0,3.81816208393632,33.6592296905541,"C1QB;C1QA;ITGAM;NCF1;NCF2;ARPC1B;ITGB2;NCF4;PIK3CD;PIK3R3;TREM2;PIK3CB;PIK3R1;TREM1;PIK3R6;PIK3CG;SIGLECE;RAC2;RAC3;NCKAP1L;LYN;VAV3;FCER1G;SYK;CYBB;CYBA;VAV1;FCGR1;HCK;TYROBP;PTPN6;LAT;C1QC"
"Glutathione and one carbon metabolism WP730","26/31",0.000217976575682971,0.00182685130096204,0,0,4.81145391438488,40.5659595297912,"DNMT1;AHCYL2;AHCY;MTRR;SHMT2;SHMT1;MAT2B;OPLAH;CBS;ANPEP;DNMT3B;GGT1;GGT5;GPX1;GPX4;GPX3;IDH1;GSS;GSR;DNMT3A;AMT;GCLC;BHMT;CTH;CHDH;GCLM"
"IL-3 Signaling Pathway WP373","69/100",0.000396151411450472,0.00303141949631665,0,0,2.06246428002586,16.1567554444438,"GSK3A;SPI1;SLC2A1;HSPB1;PIK3CD;CHEK1;RAC2;RACK1;AKT1;PRKACA;HRAS;JAK1;SYK;PRKCB;MMP2;MATK;GAB1;PRKCA;GAB2;TYK2;TNFRSF1B;MMP9;VAV1;HCK;CREB1;LCK;MAPKAPK2;IL3RA;RARA;RAPGEF1;BIRC5;FCER2A;SOS1;VCL;SHC1;SRC;CSF2RB;PIK3R1;GATA2;CBL;FOXO1;SOCS2;CDC42;SOCS3;MAPK9;PAK1;BCL2L11;RXRA;MAPK7;INPP5D;STAT6;FYN;STAT5A;LYN;STAT5B;BAD;STAT1;STAT3;MAPK14;NFKB1;SELP;FES;ID1;RPS6KB2;BAX;GRB2;PTPN6;KRAS;BCL2L1"
"Integrin-mediated Cell Adhesion WP6","69/100",0.000396151411450472,0.00303141949631665,0,0,2.06246428002586,16.1567554444438,"ITGB1;MYLK2;ITGAM;ITGB5;ITGB4;ITGB3;ITGA2B;ITGB2;ARAF;ILK;ITGAE;ITGAL;CAPNS1;AKT3;CAPN5;CAPN2;ITGAX;RAC2;AKT1;CAPN3;RAC3;ITGB8;ITGAV;ITGB7;CAPN1;ITGB6;HRAS;TNS1;MAP2K3;VAV3;MAP2K2;ITGA4;ITGA3;PDPK1;ACTN1;ITGA2;ITGA1;ITGAD;SELENOP;RAPGEF1;ITGA7;ITGA5;ARHGEF7;SOS1;VCL;ITGA9;SHC1;ROCK2;SRC;RAP1B;CDC42;PAK1;MAPK7;PAK6;CSK;FYN;PAK3;MAPK6;PAK2;MAPK4;VASP;GIT2;CAV3;MAPK10;CAPN10;ITGA10;ITGA11;ZYX;GRB2"
"IL-2 Signaling Pathway WP450","54/76",0.000542268421348671,0.00397663508989025,0,0,2.27325458763974,17.0943049050522,"IRS1;PIK3CD;PIK3CB;YBX1;SHB;ETS1;ETS2;PIK3CG;ICAM1;RACK1;AKT1;JAK3;JAK1;CD53;MAP2K2;SYK;CHUK;GAB2;VAV1;CREB1;LCK;MAPKAPK2;SOS1;PLCB1;STAM2;SHC1;PIK3R1;IL2RG;FOXO3;CBL;PRKCZ;RELA;SOCS3;MAPK9;SOCS1;TERT;MKNK1;PTK2B;FYN;LYN;STAT5A;STAT5B;STAT1;STAT3;NMI;MAPK14;NFKB1;MTOR;IL2RA;IL2RB;PTPN6;KRAS;GRB2;ITM2B"
"One carbon metabolism and related pathways WP1770","39/52",0.000565373767046942,0.00398023132001047,0,0,2.77700550246163,20.7665124374151,"DMGDH;AHCYL1;SHMT2;SHMT1;CSAD;MAT2A;CBS;PCYT1B;GPX1;PCYT1A;PCYT2;GPX4;GPX3;AGXT2;GPX6;BHMT2;GSS;GAD1;DNMT3A;GSR;GPX7;BAAT;SOD2;SOD3;GNMT;SOD1;DHFR;BHMT;GCLC;ETNK2;CHDH;CTH;ETNK1;SARDH;CHPT1;BCAT1;CDO1;GCLM;BCAT2"
"EGFR1 Signaling Pathway WP572","114/178",0.000734444990291047,0.00487699960230333,0,0,1.65203836056009,11.9217621236441,"ERRFI1;NDUFA13;PITPNA;INPPL1;ARAF;PEBP1;CBLB;ELK1;ELK4;EPS8;RPS6KA3;GJA1;GRB14;MYC;RPS6KA2;GRB10;AKT1;MAP2K3;PRKCI;MAP2K2;PRKCB;KRT8;KRT7;PRKCA;HAT1;PRKD1;GRB7;SHC1;STXBP1;PIK3R3;PIK3R1;PRKCZ;FOXO1;PLD2;SOCS3;SOCS1;RALGDS;SMAD2;STAT5A;STAT5B;JUN;SMAD3;JUND;TNK2;WNK1;SP1;GRB2;MAP3K14;RAB5A;PTPRR;HIP1;SH3KBP1;PIK3CD;PIK3CB;WASL;PIK3CG;CASP9;SIN3A;NCK2;HRAS;APPL2;GIT1;APPL1;JAK1;NCK1;TGIF1;VAV3;KLF11;DUSP1;GAB1;GAB2;FOS;EPN1;VAV1;PLSCR1;CEACAM1;CREB1;ELF3;RASA1;SOS1;SOS2;PLEC;CEBPB;RALB;SRC;HDAC1;RGS16;ASAP1;CBL;CDC42;NRAS;PAK1;SH3BGRL;MAPK7;REPS2;PTK2B;CSK;RBBP7;MTA2;MAP3K1;EGF;STAT1;STAT2;STAT3;PTPN12;MAPK14;KRT18;TNIP1;KRT17;ABI1;PTPN6;KRAS;PTPN5;ZPR1"
"SREBF and miR33 in cholesterol and lipid homeostasis WP2084","11/11",0.000748176075353352,0.00487699960230333,0,0,105622,760253.658863889,"SREBF1;NR1H3;SIRT6;HMGCR;PPARA;MED15;PPARGC1A;SIRT1;LDLR;SREBF2;MTOR"
"Fatty Acid Biosynthesis WP336","19/22",0.000800723878919613,0.00503312152463757,0,0,5.85737225808524,41.7630313448323,"PECR;MECR;ECHS1;ACSS2;ACAA2;PCX;ACSL1;ECH1;ACSL4;ACSL3;ACACB;ACLY;FASN;ECHDC1;ECHDC2;ECHDC3;SCD1;HADH;DECR1"
"Fatty Acid Beta Oxidation WP1269","27/34",0.000900712983001945,0.00525594536334471,0,0,3.56853588991281,25.023729526443,"GCDH;ACADVL;ECHS1;ACSS2;ECI1;LPL;ACAT1;ACADL;CPT2;ACADM;SLC25A20;HADH;ACADS;DECR1;CPT1A;TPI1;GK;ACSL1;ACSL4;ACSL3;CPT1B;HADHB;HADHA;GPD2;DLD;CRAT;PNPLA2"
"Type II interferon signaling (IFNG) WP1253","27/34",0.000900712983001945,0.00525594536334471,0,0,3.56853588991281,25.023729526443,"CXCL9;CIITA;SPI1;IFIT2;ICAM1;SOCS3;SOCS1;JAK1;GBP2B;NOS2;STAT1;IFNGR1;STAT2;IFNGR2;PRKCD;EIF2AK2;CYBB;TAP1;ISG15;PSMB9;CXCL10;IRF4;IL1B;IRF1;IRF2;IRF8;IRF9"
"Prostaglandin Synthesis and Regulation WP374","25/31",0.000925763103770942,0.00525594536334471,0,0,3.85455830842893,26.9236741994238,"PTGER4;PTGFR;HPGD;PTGER1;PTGER2;PTGER3;PTGS2;HSD11B1;HSD11B2;EDNRA;EDNRB;ANXA6;ANXA8;PTGDS;S100A10;EDN1;PTGIR;PTGIS;ANXA1;ANXA2;ANXA3;ANXA4;ANXA5;PLA2G4A;S100A6"
"G1 to S cell cycle control WP413","44/61",0.00104970720037861,0.00577338960208236,0,0,2.39600495403879,16.4347826300776,"RB1;CDKN1C;PRIM2;CDKN1A;PCNA;MCM7;PKMYT1;CCND3;CCND2;ORC6;CDC45;CCND1;ORC1;MYC;E2F1;E2F2;E2F3;POLE;E2F6;CDKN2D;CDKN2B;CDKN2C;CDKN2A;GADD45A;RPA2;CDC25A;POLA2;RBL1;TFDP1;CDK6;CCNE2;CCNE1;CDK4;TRP53;POLE2;CCNG2;CDK2;MCM3;CDK1;MCM4;MCM5;MCM6;MNAT1;MCM2"
"Insulin Signaling WP65","102/159",0.00125043269698128,0.00666897438390017,0,0,1.65894777736883,11.0888476102009,"IRS1;INPPL1;CBLB;ELK1;RPS6KA3;RPS6KA6;GRB14;RPS6KA2;GRB10;AKT1;ENPP1;MAP3K8;MAP3K9;MAP3K6;MAP3K5;MAP2K3;PRKCI;PRKCH;MAP2K2;PRKCB;PRKCD;TSC2;TSC1;PRKCA;INPP4A;PRKCQ;TRIB3;SHC2;STXBP4;SHC1;RRAD;STXBP1;STXBP2;PIK3R3;PIK3R1;FOXO3;PRKCZ;FOXO1;SOCS3;SOCS1;KIF3A;EIF4EBP1;EGR1;XBP1;RAB4A;JUN;INSR;ARHGAP33;EHD1;EHD2;RHEB;GRB2;MAP3K14;MAP3K12;SLC2A1;PIK3CD;PIK3C2G;SLC2A4;PIK3CB;PIK3CG;GYS2;GYS1;FLOT1;RAC2;FLOT2;HRAS;CAP1;MAP4K1;MAP4K2;PDPK1;MINK1;GAB1;FOS;RHOJ;RAPGEF1;SGK1;SOS1;SGK2;SOS2;VAMP2;RHOQ;PRKAA1;PRKAA2;CBL;CYTH3;MAPK9;MAPK7;MAPK6;MAP4K5;SH2B2;MAPK4;MAP4K4;PTPN1;MAP3K1;MAPK14;MTOR;MAPK13;MAPK10;MAPK11;PFKL;RPS6KB2;PFKM"
"Fatty acid oxidation WP2318","10/10",0.00143974816065982,0.00723987646503224,0,0,96020,628286.424376871,"CPT1A;ACADVL;SLC25A29;ECHS1;ACAA2;CPT2;MTTP;ACADM;HADH;ACADS"
"Macrophage markers WP2271","10/10",0.00143974816065982,0.00723987646503224,0,0,96020,628286.424376871,"CD86;CD52;CD74;CD163;CD83;LYZ2;RAC2;CD14;CD68;F3"
"Cholesterol metabolism (includes both Bloch and Kandutsch-Russell pathways) WP4346","36/49",0.00173452253228593,0.00847988793562011,0,0,2.56264754353926,16.2908096339662,"MVK;MSMO1;HMGCR;HSD17B7;TM7SF2;FADS2;NSDHL;EBP;PMVK;SCD2;SCD1;FADS1;ABCA1;SREBF1;HMGCS1;GGPS1;ACSL1;ELOVL5;ELOVL2;NR1H3;ACSL4;DHCR24;ACSL3;LSS;SREBF2;CYP51;CYP27A1;CH25H;SQLE;SOAT2;FASN;ACOT2;ACOT1;MVD;DHCR7;ABCG1"
"Alpha6-Beta4 Integrin Signaling Pathway WP488","47/67",0.00188552953387255,0.00896900535031267,0,0,2.17541300357453,13.6475548036732,"COL17A1;LAMA5;CDKN1A;RTKN;CD151;LAMA2;IRS1;ITGB4;SHC1;SRC;LAMA1;LAMA3;PIK3CD;PIK3R3;LAMC2;PIK3CB;LAMC1;PIK3R1;NTN1;PIK3CG;PAK1;CASP3;EIF4EBP1;ABL1;AKT1;SFN;FYN;YWHAH;DSP;SMAD2;MMP7;SMAD3;DST;LAMB3;BAD;PRKCD;TRP73;RPSA;PRKCA;LAMB1;RHOA;MTOR;AR;EIF6;GRB2;VIM;PLEC"
"Apoptosis Modulation by HSP70 WP166","15/17",0.00195818468287235,0.00906948695225086,0,0,6.9344120196475,43.2411724966388,"MAP3K1;APAF1;NFKB1;TNFRSF1A;CASP9;MAPK10;CASP7;CASP8;AIFM1;CASP6;CASP3;FAS;CASP2;BID;HSPA1A"
"MAPK signaling pathway WP493","101/159",0.00211327397178818,0.00941818188470406,0,0,1.61403555772856,9.94167927671853,"TNF;ELK1;RPS6KA3;MYC;AKT3;STMN1;AKT1;MAP3K8;MAP3K6;PRKACA;MAP3K5;PDGFRB;MEF2C;PRKCH;MAP2K2;IL1R1;PRKCB;IL1R2;PRKCD;CDC25B;MAPKAPK2;PDGFB;PRKCZ;RASGRP1;RASGRP4;STK3;RAP1B;MAP3K20;CD14;HSPA8;JUN;TGFB1;JUND;TGFB3;GADD45A;BDNF;NFKB1;NR4A1;PPP5C;FASL;TRP53;GRB2;TAB1;MAP3K14;MAP3K12;PTPRR;HSPB1;ARRB1;ARRB2;ECSIT;CASP9;CASP7;DUSP10;CASP8;PPP3CC;CASP6;CASP3;CASP1;RAC2;CASP2;IKBKG;MAP4K1;DUSP5;DUSP1;MINK1;TRAF2;FOS;NGF;DUSP6;TGFBR1;TGFBR2;TMEM37;PPM1A;PPM1B;IL1B;RASA1;MAPT;SOS2;CDC42;NTF5;MAPK9;NRAS;PAK1;MAPK7;GNA12;FLNA;MAPK6;PAK2;MAPK4;MAP4K4;NTRK1;MAP3K1;EGF;MAPK14;MAPK13;MAPK10;FAS;KRAS;PTPN7;PTPN5;HSPA1A"
"Eicosanoid metabolism via Lipo Oxygenases (LOX) WP4348","25/32",0.00214049588288729,0.00941818188470406,0,0,3.30356282106017,20.3060682496647,"CYP4A12A;CYP4A12B;HPGD;ALOX12;ACAA1A;FPR2;CYSLTR1;ALOX8;ALOX5;GGT1;GGT5;CYP4A10;PTGR1;PTGR2;CYP4F14;CYP4F18;ACOX2;ACOX1;EHHADH;LTB4R1;DPEP2;DPEP1;ACOX3;PPARA;PPARD"
"Glutathione metabolism WP164","17/20",0.00223709325203644,0.00960313200874179,0,0,5.23979706515108,31.9762698286463,"GGT5;GSTM2;GPX1;GPX4;GPX3;IDH1;GSS;GSR;GSTT2;GSTT1;OPLAH;GCLC;ANPEP;GSTA1;GCLM;GGT1;GSTM7"
"Selenium metabolism/Selenoproteins WP108","36/50",0.00310658772959206,0.013018081914481,0,0,2.37935313094549,13.7389330578024,"CREM;RELA;SELENOI;SELENOH;SELENBP1;SELENBP2;SEPHS2;PSTK;EEFSEC;JUN;GPX1;GPX4;TXNRD3;GPX3;TXNRD2;GPX6;SECISBP2;TXNRD1;DIO1;DIO2;DIO3;FOS;NFKB1;SELENOO;SELENON;SEPSECS;SELENOM;SARS2;SELENOS;SP1;CTH;SELENOP;SELENOW;SELENOT;SCLY;MSRB1"
"Focal Adhesion-PI3K-Akt-mTOR-signaling pathway WP2841","193/324",0.00341127208039368,0.0139624159569602,0,0,1.36731582707175,7.76727001734728,"INS2;CREB3L3;CREB3L4;CREB3L2;AKT3;KDR;AKT1;DDIT4;ULK1;EPHA2;EPAS1;PDGFB;LPAR1;PDGFA;LPAR3;PIK3R1;HIF1A;PIK3R5;PDGFD;PPARGC1A;NGFR;INSR;FN1;IGF1;GNG12;GNG11;COL1A1;COL1A2;LPAR5;LPAR6;GRB2;CDKN1A;CAB39L;GYS2;RPTOR;GYS1;GNGT2;IKBKG;HRAS;JAK3;RAB8A;JAK1;SREBF1;OSMR;KIT;TNXB;COL11A1;IL6RA;NRAS;RELN;SPP1;VEGFB;OSM;VEGFD;VEGFA;RAB11B;COL3A1;FOXA1;CSF3;CSF3R;CSF1;EPO;IRS1;ITGA2B;TNC;FGF1;FGF2;FGF7;STK11;FGF9;IBSP;PDGFRB;RAB2A;IFNAR2;PDGFRA;MAP2K2;HGF;F2R;TSC2;TSC1;PRLR;PGF;COL4A2;COL4A1;COL4A4;COL4A6;IFNAR1;PFKFB1;PFKFB4;IL4RA;FOXO3;EFNA5;EFNA4;FOXO1;VTN;EIF4EBP1;EFNA2;COL5A1;RHEB;ITGA10;COL5A3;COL5A2;ITGA11;FGF18;GNB1;GNB4;FGFR4;IL7R;FGFR3;FGFR2;FGFR1;ITGB1;FLT1;ITGAM;ITGB5;LAMC3;ITGB4;FLT4;ITGB3;ITGB2;SLC2A1;SLC2A2;PIK3CD;SLC2A3;LAMC2;PIK3C2G;SLC2A4;PIK3CB;ITGAE;LAMC1;ITGAL;PIK3CG;GHR;CASP9;ITGAX;ITGB8;ITGAV;ITGB7;ITGB6;NOS1;ITGA4;ITGA3;PDPK1;ITGA2;PPP2R5B;PPP2R5A;PPP2R5C;NGF;CREB3;TBC1D1;CREB1;ITGAD;COL6A2;IL3RA;ITGA7;ITGA5;SOS1;CREB5;ITGA9;LAMA5;PRKAA1;PRKAA2;LAMA2;LAMA1;LAMA4;LAMA3;IL2RG;THBS2;THBS1;THBS4;THBS3;GNG2;GNG4;GNG8;EIF4B;ANGPT4;LAMB3;NOS2;EGF;BAD;NOS3;LAMB1;MTOR;EPOR;PPP2R2C;PIK3IP1;RAB14;PPP2R2B;IL2RA;RPS6KB2;IL2RB;KRAS;TEK"
"TGF Beta Signaling Pathway WP113","37/52",0.00380817437541522,0.0152326975016609,0,0,2.28239873886047,12.7143426740034,"ZFP423;ZFYVE9;SERPINE1;TNF;THBS1;LTBP1;MAPK9;SPP1;ITGB6;HRAS;SKIL;JAK1;TGIF1;SMAD2;SMAD1;JUN;TGFB1;SMAD3;EGF;STAT1;FST;TFE3;STAT3;LIF;FOS;INHBA;RUNX3;TGFBR1;RUNX2;NFKB1;TGFBR2;TGFBR3;SKI;BMP4;FKBP1A;ZEB2;ENG"
"Complement and Coagulation Cascades WP449","43/62",0.00407879594021131,0.0159526241217154,0,0,2.09443187882792,11.5234666948338,"C4BP;C1QB;C1QA;CPB2;CFH;SERPINC1;PROS1;SERPINE1;CFI;C5AR1;PLAT;PLG;KNG1;SERPINA5;C4B;C3;THBD;C8G;C1S1;C6;CD59A;C7;PLAU;C3AR1;MBL1;CD55;FGB;C1RA;F10;SERPIND1;F2R;SERPINF2;PLAUR;F3;F5;F7;F9;PROC;SERPING1;F13B;MASP1;HC;C1QC"
"Inflammatory Response Pathway WP458","23/30",0.00493818676883759,0.0188939319851177,0,0,3.03869191049914,16.1377545350942,"CD86;LAMA5;CD40;CD80;IL4RA;FN1;LAMC2;LAMB1;LAMC1;IL2RG;TNFRSF1B;THBS1;THBS3;TNFRSF1A;COL1A1;VTN;ZAP70;COL3A1;COL1A2;LCK;IL2RA;IL2RB;CD28"
"Id Signaling Pathway WP512","36/51",0.00530464905617037,0.019864217742255,0,0,2.22049797336422,11.6335700587161,"RB1;ACVRL1;FLT1;IRS1;ELK1;RELA;ELK3;ELK4;TERT;KDR;MSC;TGIF1;SREBF1;TCF7L2;SMAD1;SMAD3;EGF;TCF12;IGF1;NGF;BMP6;NFKB1;VEGFA;RBL2;CCNA2;BMP2;RBL1;PAX8;LCK;CCNE1;ID2;ID1;CDK2;ID4;TCF3;ATF3"
"One Carbon Metabolism WP435","22/29",0.00740851781297131,0.0271645653142281,0,0,2.90629474611741,14.2557386820983,"DNMT1;MTFMT;AHCYL2;ALDH1L1;AHCY;MTRR;SHMT2;SHMT1;EHMT2;DNMT3A;AMT;EHMT1;MAT2B;DHFR;BHMT;ATIC;FOLH1;MTHFD1L;TCN2;MTHFD1;MTHFD2;DNMT3B"
"Metapathway biotransformation WP1251","88/141",0.007904541287451,0.0283918217671709,0,0,1.53782186190363,7.44354659008047,"UGT1A10;GAL3ST1;TPMT;NAT10;HNMT;HS6ST1;NAT14;HS6ST2;NAA80;HS2ST1;NDST2;AKR7A5;SULT1C2;CYP26B1;CYP4V3;CYP1B1;SULT4A1;HS3ST3B1;GSTK1;CHST9;NAA30;GPX1;GPX4;UGT1A1;GSTO2;GPX3;GSTO1;AKR1A1;KCNAB2;CYP7B1;BAAT;UGT1A6A;INMT;CYP27A1;SULT2B1;CYP2U1;CHST1;CYP2E1;NAT8L;CHST2;CHST3;NNMT;NAA20;MGST3;GSTP1;AKR1D1;MGST1;GSTT2;GSTT1;GLYAT;CYP17A1;CYP27B1;CYP4X1;CHST11;CHST12;CHST10;CHST14;UGT1A2;CYP2F2;UGT1A9;GSTM4;GSTM1;EPHX2;GSS;GSR;FMO1;CYP4B1;FMO2;FMO3;FMO4;FMO5;HS3ST1;CYP51;GSTZ1;SULT1B1;NAT8;CYP4F18;CYP24A1;GSTA4;GSTA3;CYP2S1;GSTA2;CYP20A1;GSTA1;CYP1A1;NAT9;GSTM7;GSTM5"
"TNF-alpha NF-kB Signaling Pathway WP246","114/187",0.00811755002643942,0.0285737760930668,0,0,1.44699573216541,6.96544226740128,"RPL4;SMARCB1;ZFAND5;PEBP1;TNF;DCAF7;FBL;PSMD6;PSMD3;KPNA6;AKT1;CAPN3;TNFRSF8;MAP3K8;AZI2;KPNA2;RPS11;PRKACA;KPNA3;GTF2I;PIAS3;UNC5CL;SMARCC1;CSNK2A1;FBXW11;USP2;TRAIP;CDC34;FANCD2;KCNQ1;CSNK2B;FKBP5;NSMAF;PSMD12;PSMD13;TNFRSF11A;IQGAP2;PRKCZ;BAG4;MARK2;UBE2I;CRADD;MCC;NFKB1;NFKB2;NFKBIA;DAP;BCL3;REL;TAB1;NFKBIE;MAP3K14;NFKBIB;MCM7;TRADD;TNFAIP3;HSPB1;CASP7;CASP8;BCL7A;NKIRAS1;PPP1R13L;CASP3;NFKBIZ;RACK1;CASP2;IKBKG;IKBKE;YWHAG;YWHAH;PEG3;RIPK3;CHUK;RIPK2;ACTL6A;GAB1;TRAF2;TRAF1;COMMD1;TNFRSF1B;TNFRSF1A;TRAF4;TRAF3;POLR1A;POLR1D;MCM5;BIRC2;BIRC3;HDAC2;SRC;HDAC1;USP11;MTIF2;TANK;RELA;RELB;PSMB5;TIFA;FLNA;POLR2H;SMARCE1;CASP8AP2;MAP3K1;STAT1;ELP1;CFLAR;PML;LRPPRC;KTN1;PSMC3;TNIP1;TNIP2;PSMC1;PSMC2"
"Kit Receptor Signaling Pathway WP407","45/67",0.00843461826444574,0.0291077022459304,0,0,1.89273201443587,9.03857294138112,"PTPRU;GRB7;SH3KBP1;SHC1;SRC;CBLB;CSF2RB;PIK3R1;CBL;PIK3CG;SPRED2;SPRED1;SOCS1;INPP5D;GRB10;ABL1;AKT1;PLCE1;FYN;HRAS;MPDZ;SH2B2;LYN;STAT5A;STAT5B;PRKCB;BAD;STAT1;STAT3;MATK;TNFRSF10B;PRKCA;VAV1;EPOR;FGR;DOK1;HCK;FES;RASA1;KIT;BTK;PTPN6;GRB2;GRAP;SOS1"
"Folic Acid Network WP1273","18/23",0.0089390397001761,0.0302552112929037,0,0,3.32843930635838,15.701336979379,"GPX1;PTGIS;GPX4;GPX3;TXNRD2;TXNRD1;GPX6;GSR;KMO;FADS2;CBS;ALOX5;CAT;PNPO;SELENOW;PTGDS;XDH;MSRB1"
"Osteoclast WP454","12/14",0.00962782768019236,0.0319716541832803,0,0,5.54592720970537,25.7502816332733,"ATP6V1G1;GPR68;ITGB3;CTSK;TRPV5;PDGFB;SPP1;ACP5;TNFSF11;TNFRSF11B;TNFRSF11A;IFNAR1"
"DNA Replication WP150","29/41",0.0114121158719209,0.0366197467143187,0,0,2.23510785353779,9.9978155494623,"PRIM2;PCNA;MCM7;MCM10;POLD3;ORC6;CDC45;ORC1;POLD1;UBC;POLE;CDT1;RFC3;RFC4;RFC1;RPA2;CDC7;CDC6;POLA1;POLA2;DBF4;POLE2;CDK2;MCM3;MCM4;MCM5;MCM6;UBA52;MCM2"
"Lung fibrosis WP3632","41/61",0.0114436708482246,0.0366197467143187,0,0,1.89660133243217,8.47841195931447,"CSF3;CEBPB;CSF2;CCL11;ELN;FAM13A;PDGFB;PDGFA;FGF1;CXCL2;TNF;FGF2;FGF7;TERT;PLAU;CCL5;CCL4;SPP1;CCL3;HMOX1;CCL2;TIMP1;CCN2;SKIL;CCR3;CCR2;DSP;EDN1;STN1;TGFB1;EGF;MMP2;HGF;MT2;ATP11A;IGF1;MMP9;BMP7;GREM1;IL6;IL1B"
"MicroRNAs in Cardiomyocyte Hypertrophy WP1560","53/82",0.0139048482127785,0.0437009515258753,0,0,1.69120181330311,7.23076329951905,"PIK3CD;PIK3CB;TNF;FGF2;MYLK3;PIK3CG;MYLK;AKT1;IKBKG;IKBKE;PRKG1;MAP2K3;EDN1;MAP2K2;CHUK;PDPK1;PRKCB;WNT5A;NRG1;RHOA;IL6ST;PLCB2;CAMK2D;CTF1;ROCK2;LRP5;PIK3R3;GATA4;PIK3R1;HDAC9;LRP6;HDAC7;MAPK7;DVL1;MAPK4;EIF2B5;TGFB1;FZD2;MYEF2;EGF;STAT3;LIF;IGF1;MAPK14;AGT;NFKB1;MTOR;NFATC4;RCAN1;TAB1;CALM1;MAP3K14;FGFR2"
"White fat cell differentiation WP2872","23/32",0.0177167338319661,0.0547043009548426,0,0,2.3629344042838,9.53029495880025,"STAT5A;STAT5B;SREBF1;WNT10B;CEBPB;ZFP423;EGR2;TCF7L1;CEBPD;EBF1;NR1H3;RORA;GATA2;KLF4;KLF15;FOXO1;KLF2;KLF5;CREB1;IRF4;CTNNA1;RARA;PPARG"
"Matrix Metalloproteinases WP441","21/29",0.0204827757742495,0.0621546299356537,0,0,2.42692974848222,9.43631775094018,"MMP7;MMP2;MMP3;MMP8;TNF;MMP9;MMP10;MMP23;MMP12;MMP11;MMP25;MMP14;MMP24;MMP27;MMP15;BSG;MMP17;TIMP2;TIMP3;MMP19;TIMP1"
"Tryptophan metabolism WP79","30/44",0.0217356348919423,0.0648385040844381,0,0,1.98164682539683,7.58733373339913,"GCDH;TPH1;DDC;ECHS1;HAAO;HSD17B10;ACMSD;ACAT1;ALDH2;KYNU;UBR5;AFMID;AOX1;CYP1B1;CYP2F2;HADH;AOC1;AADAT;PRMT1;DHCR24;CYP7B1;INMT;CYP4F14;ALDH3A2;ALDH1A2;CAT;CYP1A1;OGDH;CYP2E1;ALDH9A1"
"Calcium Regulation in the Cardiac Cell WP553","89/147",0.0223499666508185,0.0655599021757342,0,0,1.42061339104432,5.39965269577918,"RYR1;CHRM3;RYR2;ATP2A3;ATP2A2;ADRA1D;ARRB1;ARRB2;ADRA1B;ADRA1A;SLC8A1;RGS4;GJA1;RGS2;YWHAQ;RGS1;GJA4;ANXA6;RGS6;YWHAG;YWHAH;PRKCH;PRKCB;PRKCE;PRKCD;PRKCA;ATP1B2;ATP1B1;CACNB3;PLCB3;ADCY9;PRKAR1B;PRKCQ;PRKD1;CASQ1;RGS18;CAMK2D;RGS19;RGS16;ITPR1;ATP1A4;ADCY4;CACNA1A;ITPR2;ADCY3;ITPR3;ADRB1;CACNA1C;ADCY1;PRKCZ;ADCY7;ADCY6;GNAI1;ADCY5;GNAI2;GJC1;GJC2;GNG2;GRK5;GNG4;PRKAR2A;GNA11;GRK6;GNG8;RGS20;SFN;KCNJ3;KCNJ5;KCNB1;ATP2B2;ATP2B1;GNG12;GNG11;GNAO1;FKBP1A;PKIB;GJB2;GJB1;GJB4;GJB3;GJB6;FXYD2;CAMK4;GNB1;GJB5;GNB4;RGS10;CAMK1;PKIG"
"EDA Signalling in Hair Follicle Development WP3652","14/18",0.023177504547777,0.0668728000067008,0,0,3.23507318952234,12.1786695131441,"EDARADD;EDA;ASCC1;GLI1;DKK1;RELA;NFKB1;RELB;NFKB2;SHH;BMP1;REL;SOSTDC1;LTB"
"Novel Jun-Dmp1 Pathway WP3654","19/26",0.0236413935336781,0.0671110526117314,0,0,2.509256328025,9.39655304134718,"RB1;JUN;MAP2K2;CDKN2A;ARAF;DMP1;FOS;ETS1;ETS2;NRAS;CCND1;RRAS;CDK4;MYC;TRP53;E2F1;KRAS;HRAS;JUNB"
"Eicosanoid metabolism via Cyclo Oxygenases (COX) WP4347","22/31",0.0250809630851993,0.0685426749751225,0,0,2.25998029641052,8.32948770888923,"PTGFR;CYP4A12A;CYP4A12B;PTGIR;PTGIS;HPGD;CYP4A10;PLA2G4A;ACAA1A;PLA2G6;PTGS2;PTGR1;PTGR2;CYP4F14;CYP4F18;ACOX2;TBXA2R;ACOX1;EHHADH;ACOX3;PTGDS;PPARD"
"Factors and pathways affecting insulin-like growth factor (IGF1)-Akt signaling WP3675","22/31",0.0250809630851993,0.0685426749751225,0,0,2.25998029641052,8.32948770888923,"ITGB1;IGFBP1;SMAD2;SMAD3;TRIM63;IGFBP5;IRS1;IGFBP4;IGFBP2;ILK;IGF1;TNF;PRKAB1;FOXO1;NFKB1;MTOR;TNFRSF1A;JKAMP;AKT1;TNFSF9;IGFBP6;PPARGC1A"
"Alanine and aspartate metabolism WP240","12/15",0.0253140560987668,0.0685426749751225,0,0,3.69689967263624,13.5912651743967,"ADSL;PCX;GOT1;GAD1;GOT2;CARNS1;GPT;ABAT;ASL;ASPA;CRAT;ASS1"
"Wnt Signaling Pathway WP403","39/60",0.0285754114906481,0.0762010973083949,0,0,1.71766441879387,6.10665543218432,"WNT2B;PRKCZ;WNT6;MAPK9;CCND3;CCND2;CCND1;PLAU;MYC;DVL1;DVL2;LDLR;WNT4;WNT10B;PRKCI;JUN;WNT10A;FZD3;PRKCH;FZD2;WNT5B;FZD5;PRKCB;PRKCE;FZD7;WNT5A;PRKCD;FZD6;FZD8;WNT7A;PRKCA;PPP2R5C;CSNK1E;RHOA;MAPK10;FOSL1;SFRP4;PRKCQ;PRKD1"
"Nuclear Receptors WP509","26/38",0.0298600315099076,0.0784382917275186,0,0,2.00331019411235,7.03409173077638,"RARG;THRB;THRA;RORA;RXRB;RXRA;HNF4A;RXRG;ESRRA;VDR;ESRRB;NR2F1;NR1H3;NR1D2;ESR1;ESR2;NR2F6;NR4A2;AR;NR4A1;RARA;PPARG;PGR;ROR1;PPARA;PPARD"
"IL-6 signaling Pathway WP387","61/99",0.0337951793388431,0.0874698759358291,0,0,1.4852217124993,5.03109514516513,"RB1;CD40;INPPL1;HSPB1;PPP2R2A;CASP9;RPS6KA2;CASP3;AKT1;HRAS;JAK1;NCOA1;MAP2K2;PRKCD;GAB1;PPP2R5B;PPP2R5A;HNF1A;GAB2;PPP2R5C;TYK2;FOS;VAV1;FGR;AR;HCK;MAPKAPK2;BTK;MAPT;IL6ST;SGK1;SOS1;CEBPB;SHC1;HDAC1;IL6RA;FOXO4;PIK3R1;FOXO3;FOXO1;SOCS3;ERBB3;INPP5D;EIF4EBP1;PTK2B;FYN;STAT5A;LYN;STAT5B;JUN;BAD;STAT1;STAT3;MAPK14;NFKB1;IL6;PPP2R2C;FES;PPP2R2B;GRB2;CDK5R1"
"Complement Activation, Classical Pathway WP200","13/17",0.0354746029551308,0.090485943769609,0,0,3.00370727010111,10.0291930906663,"C1QB;C1QA;C1RA;C8A;C3;C4B;C6;C1S1;C7;MASP1;HC;CD55;C1QC"
"Purine metabolism WP2185","101/171",0.0369815836574021,0.0922403540093507,0,0,1.33566225946531,4.40412622250155,"GUCY1B1;GDA;HDDC3;PPAT;ENPP1;ENPP3;PDE8B;PDE8A;GUCY1A2;ENTPD1;GUCY1A1;ENTPD2;ENTPD3;ENTPD5;ENTPD8;ADCY9;PDE9A;PDE1B;NPR1;PDE1A;NPR2;AK2;GMPS;AK4;AK5;AK7;FHIT;AK8;PNPT1;POLR3GL;PDE2A;PAICS;ADCY10;POLA1;POLA2;PDE3A;ADA;PDE3B;ADK;PFAS;ATIC;GUK1;PDE4B;PDE4A;PGM2;POLE;PGM1;ADSL;PDE4D;PDE4C;AMPD2;AMPD3;DCK;PKM;RRM2B;POLR1A;POLR1D;PDE5A;PRPS2;PRIM2;PRPS1;GUCY2E;ADCY4;PRUNE1;ADCY3;ADCY1;ADCY7;GUCY2F;NT5C3;ADCY6;PAPSS2;ADCY5;PAPSS1;NT5C;POLD3;POLR2A;POLD1;POLR2C;POLR2F;NT5M;POLR2H;PDE6A;POLR2I;XDH;POLR2L;RRM1;RRM2;PDE6G;POLE4;NUDT9;POLR3A;PDE10A;POLR3B;IMPDH1;POLE2;NT5C1A;IMPDH2;POLR3E;POLR3G;POLR3H;UOX"
"Myometrial Relaxation and Contraction Pathways WP385","91/153",0.0372105973560449,0.0922403540093507,0,0,1.35851926501563,4.47110655078589,"RYR1;MYLK2;RYR2;OXTR;ATP2A3;ATP2A2;ADM;ARRB1;ARRB2;RXFP1;ACTB;ETS2;SLC8A1;RGS4;GJA1;RGS2;YWHAQ;RGS1;PDE4B;NOS1;RGS6;YWHAG;GABPA;YWHAH;IGFBP1;GUCY1A1;PRKCH;IGFBP5;IGFBP4;PRKCB;GSTO1;PRKCE;PDE4D;IGFBP2;PRKCD;PRKCA;FOS;CREB3;CACNB3;PLCB3;ADCY9;CREB1;PRKAR1B;IL1B;PRKCQ;PRKD1;ATF5;ATF3;RGS18;CAMK2D;RGS19;RGS16;LPAR1;ITPR1;ADCY4;ITPR2;ADCY3;ITPR3;ADCY1;PRKCZ;ADCY7;ADCY6;ADCY5;CNN1;GNG2;GRK5;CALD1;GNG4;PRKAR2A;GRK6;GNG8;RGS20;SFN;IGFBP6;CORIN;JUN;NOS3;GUCA2B;GNG12;GNG11;NFKB1;PKIB;IL6;SP1;MAFF;GNB1;GNB4;RGS10;PKIG;RAMP1;PLCD1"
"Histone modifications WP300","5/5",0.0379661276363881,0.0928060897778376,0,0,48010,157043.633557386,"HDAC2;HDAC1;EHMT2;HAT1;EHMT1"
"Regulation of Actin Cytoskeleton WP523","90/152",0.0435407936164607,0.104975064061604,0,0,1.34346013744414,4.21048064266575,"CYFIP2;CHRM3;INS2;PIK3CD;PIK3C2G;PIK3CB;FGF1;FGF2;ACTB;PIK3CG;MYLK;FGF7;FGF9;TMSB4X;CFL1;BDKRB2;RAC2;PIP4K2A;RAC3;PIP4K2B;PIP4K2C;GIT1;PDGFRB;APC2;PDGFRA;MAP2K2;PPP1R12A;ACTN1;F2R;ITGA1;RRAS2;RHOA;VAV1;ARHGEF4;ARHGEF1;PFN1;EZR;ARHGEF7;SOS1;SOS2;VCL;ARHGEF6;ROCK2;PDGFB;WAS;PDGFA;PIK3R3;PIK3R1;IQGAP1;FGD1;PIK3R5;CDC42;NRAS;PAK1;RRAS;GNA12;PIP5K1A;PAK6;PIP5K1B;CSK;PIP5K1C;CD14;PAK3;WASF1;MAPK6;MYH10;PAK2;WASF2;MAPK4;GSN;EGF;RDX;LIMK1;RASSF7;FN1;MSN;ARPC5;SSH2;GNG12;BAIAP2;SSH3;SSH1;VIL1;DIAPH3;FGF18;KRAS;FGFR4;FGFR3;FGFR2;FGFR1"
"ApoE and miR-146 in inflammation and atherosclerosis WP3592","7/8",0.0447392073520607,0.106406763431928,0,0,6.46780868058897,20.094867386438,"SPI1;IRAK1;APOE;TLR4;RELA;TLR2;NFKB2"
"Retinol metabolism WP1259","26/39",0.045848439360861,0.106955138245359,0,0,1.84901658310837,5.69943482165012,"SCARB1;RARG;RETSAT;CRABP2;CRABP1;LPL;RXRB;CYP26B1;ADH1;RXRA;RDH12;NPC1L1;RDH10;LRAT;CD36;BCO2;RXRG;DHRS3;SULT2B1;RBP7;ALDH1A3;ALDH1A2;RBP1;RARA;RDH5;CYP2E1"
"Mitochondrial Gene Expression WP1263","14/19",0.0461851733332231,0.106955138245359,0,0,2.58778890600925,7.95770049355036,"ESRRA;MYEF2;MTERF3;TFB2M;NRF1;POLRMT;PPRC1;CREB1;SP1;CAMK4;TFAM;PPARGC1A;PPARGC1B;GABPA"
"PluriNetWork WP1763","166/292",0.0529103597692229,0.120937965186795,0,0,1.22011864427814,3.5861191834383,"KDM1A;IRS1;EHMT2;JADE1;EHMT1;RBPJ;ICAM1;SALL1;ZFP281;TRIM28;CCND1;SALL3;DPYSL2;MYC;PIM1;AKT1;SMARCAD1;PIM3;PRKACA;KPNA2;ACVR1;PIAS4;CUBN;MEF2C;SMARCC1;TLE2;USP7;ZFP219;WNT5A;LIFR;DKK1;PIAS2;BCAM;MYCN;NCL;IL6ST;KPNB1;RTN4R;KMT2D;DNMT1;CTBP1;NPR1;TCF7;GATA6;NEDD4L;TWIST1;PSEN1;HIF1A;SOCS2;ZFP57;TERT;RRAS;DVL1;TFAP2A;SMAD2;SMAD1;PHC1;TGFB1;UBE2I;SMAD3;GADD45A;SMURF1;INSR;H3F3A;ESRRB;SMARCA5;NR2F1;LIF;INHBB;PLET1;SMARCA2;NFKB1;NR2F6;BMP4;GDF9;P4HA1;SP1;TRP53;ID1;CDK2;REL;PIN1;GRB2;GRSF1;EZH1;EZH2;FGFR1;ITGB1;CDKN1A;PTPRS;PIK3CD;CHD4;TFCP2L1;BRCA1;MED12;SHH;DNMT3L;SIN3A;CASP3;DNMT3B;MYBL2;HRAS;JAK1;NCOA1;KDM6B;HELLS;LEFTY1;PBRM1;EED;TFE3;DNMT3A;CAD;ATRX;GAB1;TET1;FOS;UTF1;ETV5;TGFBR1;RBL2;HCK;CREB1;RCN2;MTF2;SGK1;SOS1;STK40;CD44;CERS2;KDM3A;HDAC2;SATB1;ROCK2;HDAC1;UHRF1;SATB2;LRP5;NR2C1;RELA;NKD1;RNF2;RELB;GBX2;PERP;SPP1;RBBP7;MTA2;ZFP143;MBD3;GADD45GIP1;TCF7L1;CDKN2A;STAT3;WWP2;SSRP1;EPOP;KLF4;GATAD2B;PML;MTOR;TBX3;KLF2;REST;KLF5;CDK2AP1;ERCC5"
"G Protein Signaling Pathways WP232","56/92",0.0538531096732004,0.121514709006196,0,0,1.43883624486989,4.20355308239602,"AKAP12;AKAP10;GNGT2;PPP3CC;PDE4B;PDE4A;PDE8B;PRKACA;PDE8A;HRAS;PRKCI;PRKCH;PRKCB;PDE4D;PRKCE;PDE4C;PRKCD;PRKCA;RHOA;PLCB3;ADCY9;PRKAR1B;PRKD3;ARHGEF1;PRKCQ;PRKD1;PDE1B;PDE1A;ADCY4;ITPR1;AKAP7;ADCY3;ADCY1;ADCY7;PRKCZ;ADCY6;GNAI1;AKAP1;ADCY5;GNAI2;GNA14;NRAS;GNA15;RRAS;GNG4;GNA11;PRKAR2A;GNA12;GNG8;KCNJ3;GNG12;GNG11;GNAO1;GNB1;KRAS;CALM1"
"Dysregulated miRNA Targeting in Insulin/PI3K-AKT Signaling WP3855","18/26",0.0575543025416807,0.126619465591698,0,0,2.07962427745665,5.93738218262432,"BAD;PIK3R3;PRKX;PIK3R1;MTOR;COL1A1;COL3A1;BCL2L11;SOCS1;CCND2;COL1A2;COL4A2;RHEB;PRKAR2A;FASN;COL5A3;FLOT2;SOS1"
"EPO Receptor Signaling WP1249","18/26",0.0575543025416807,0.126619465591698,0,0,2.07962427745665,5.93738218262432,"STAT5A;PTPRU;STAT5B;MAP2K2;SRC;EPO;IRS1;SHC1;STAT1;STAT3;PIK3CG;EPOR;SOCS1;PTPRC;RASA1;AKT1;GRB2;SOS1"
"Toll Like Receptor signaling WP88","22/33",0.0639226141151566,0.138893581287254,0,0,1.84868928296068,5.08404727168287,"TICAM2;CHUK;EIF2AK2;IRAK3;IRAK4;TICAM1;MAPK14;TIRAP;NFKB1;NFKB2;CASP8;IRAK1;TRAF3;CASP3;ABI1;IKBKG;IKBKE;TLR4;MYD88;MXD3;TLR3;TLR2"
"Alzheimers Disease WP2075","46/75",0.0653990460837704,0.140368684277361,0,0,1.46684298886106,4.00044403048325,"APP;LRP1;ATP2A3;ITPR1;ATP2A2;ITPR2;LPL;CALML3;ITPR3;CACNA1C;PSEN1;CACNA1F;TNF;HSD17B10;CASP9;APH1A;CASP7;CASP8;PPP3CC;CASP12;CASP3;CHP2;CAPN2;CHP1;CAPN1;NOS1;APOE;BID;APAF1;MME;BAD;ADAM10;GRIN2C;GRIN2B;TNFRSF1A;GRIN2D;ADAM17;PLCB3;IL1B;TRP53;FAS;MAPT;PLCB1;PLCB2;CALM2;CDK5R1"
"Selenium Micronutrient Network WP1272","16/23",0.0682353718880757,0.142969350622635,0,0,2.11244736769684,5.6714822140121,"GPX1;PTGIS;GPX4;GPX3;GPX6;GSR;KMO;FADS2;ALOX5;SELENOP;CAT;PNPO;COX1;PTGDS;XDH;FADS1"
"Triacylglyceride Synthesis WP386","16/23",0.0682353718880757,0.142969350622635,0,0,2.11244736769684,5.6714822140121,"DGAT2;GK;DGAT1;MOGAT2;MOGAT1;LPL;AGPAT1;AGPAT2;AGPAT3;AGPAT4;GNPAT;GPAM;GPD1;AGPS;PLPP1;PNPLA2"
"Irinotecan Pathway WP475","8/10",0.0700811086284133,0.145109119042362,0,0,3.6958614051973,9.82397664096003,"UGT1A10;ABCC2;CES1D;UGT1A1;CES2H;UGT1A9;UGT1A6A;ABCG2"
"Wnt Signaling Pathway and Pluripotency WP723","58/97",0.0745023690159839,0.152469964497827,0,0,1.37542528393592,3.57187541865224,"WNT2B;PPP2R2A;CCND3;CCND2;CCND1;PLAU;MYC;PRKCI;PRKCH;MMP7;WNT5B;PRKCB;PRKCE;WNT5A;PRKCD;PRKCA;CSNK1E;HNF1A;ZBTB33;AXIN2;PPP2R5C;RHOA;PRKCQ;PRKD1;CD44;PPARD;CTBP1;LRP5;PPM1J;PRKCZ;NKD1;LRP6;NKD2;WNT6;MAPK9;RACGAP1;DVL1;DVL2;LDLR;WNT4;WNT10B;WNT10A;FZD3;JUN;TCF7L1;FZD2;FZD5;FZD4;FZD7;FZD6;FZD8;WNT7A;FOSL1;MAPK10;PPP2R2C;PPP2R2B;TRP53;TCF4"
"Nuclear receptors in lipid metabolism and toxicity WP431","20/30",0.075778434031121,0.153298901028475,0,0,1.84852572750048,4.76908830895342,"ABCA1;ABCC3;RARG;ABCD2;ABCD3;ABCC2;VDR;NR1H4;NR1H3;CYP4B1;ABCB11;CYP27B1;CYP24A1;RARA;PPARG;CYP2E1;ABCB1A;PPARA;ABCG1;PPARD"
"IL-1 Signaling Pathway WP37","24/37",0.0793391133548742,0.155808875054349,0,0,1.70645548783201,4.3241992280224,"IL1RN;CHUK;IL1R1;IL1R2;ELP1;IRAK3;IL1RAP;IRAK4;PRKCZ;RELA;NFKB1;NFKBIA;CAPNS1;IRAK1;IL1B;TOLLIP;CASP1;AKT1;SIRPA;CAPN1;TAB1;MAP3K14;MYD88;NFKBIB"
"Wnt Signaling in Kidney Disease WP3857","24/37",0.0793391133548742,0.155808875054349,0,0,1.70645548783201,4.3241992280224,"INVS;WNT10B;WNT10A;FZD3;WNT2B;FZD2;FZD5;WNT5B;FZD4;FZD7;FZD6;WNT5A;LRP5;FZD8;WNT7A;RHOA;LRP6;MAPK10;WNT6;MAPK9;DVL1;DVL2;NPHP3;WNT4"
"Cholesterol Biosynthesis WP103","11/15",0.0796749929255193,0.155808875054349,0,0,2.54110907865601,6.42849649561271,"SQLE;NSDHL;MVK;HMGCS1;PMVK;MSMO1;MVD;HMGCR;DHCR7;LSS;CYP51"
"Parkinsons Disease Pathway WP3638","25/39",0.087021333227141,0.168304996131613,0,0,1.65057635895388,4.03005050761404,"PRKN;DDC;UBA7;LRRK2;HTRA2;UBE2L6;PARK7;UBE2J1;UBE2L3;CASP9;ATXN2;UCHL1;CASP7;CASP6;CASP3;CASP2;APAF1;MAPK14;MAPK13;MAPK11;PINK1;CCNE2;SYT11;CCNE1;CYCS"
"Oxidative phosphorylation WP1248","38/62",0.0895485337534652,0.17131023848489,0,0,1.46381917631918,3.53215838035469,"NDUFB9;ND6;NDUFB8;NDUFB7;NDUFA11;NDUFB6;NDUFB10;NDUFB5;NDUFA10;NDUFB2;NDUFV3;NDUFV2;NDUFV1;NDUFA9;NDUFA8;NDUFA7;NDUFA6;ATP6AP1;NDUFA5;NDUFA4;NDUFA3;ATP6AP2;NDUFA2;NDUFC2;GZMB;NDUFC1;NDUFS8;NDUFS7;NDUFS6;NDUFS5;NDUFS4;NDUFS3;NDUFS2;NDUFS1;ND1;ND2;ND5;ND4"
"Hedgehog Signaling Pathway WP116","15/22",0.0946064232301432,0.177135430728779,0,0,1.9802286704916,4.6694384265113,"PTCH2;IHH;IGF2;GLI1;GLI3;GLI2;SKI;SHH;CCNB1;STK36;SIN3A;RAB23;SUFU;CDK1;SAP18"
"Signal Transduction of S1P Receptor WP57","15/22",0.0946064232301432,0.177135430728779,0,0,1.9802286704916,4.6694384265113,"ASAH2;SPHK2;SPHK1;PIK3C2G;GNAI1;GNAI2;SMPD2;PLCB3;MAPK7;RACGAP1;AKT3;AKT1;S1PR3;S1PR2;MAPK6"
"Heme Biosynthesis WP18","7/9",0.110978896713687,0.205603008648515,0,0,3.23356751034549,7.10872401490036,"ALAD;ALAS1;FECH;UROD;UROS;HMBS;CPOX"
"Statin Pathway WP1","13/19",0.113514583789323,0.208110070280426,0,0,2.00205424490451,4.35611759283868,"ABCA1;SCARB1;LRP1;DGAT1;MTTP;LPL;LCAT;APOC3;APOA4;HMGCR;APOE;PLTP;LDLR"
"Glucuronidation WP1241","11/16",0.137111329690501,0.248779319850805,0,0,2.03267545970925,4.03884901401389,"UGT1A10;UGDH;UGT2B34;UGP2;UGT1A1;PGM3;PGM2;PGM5;UGT1A2;PGM1;HK1"
"Wnt Signaling Pathway NetPath WP539","62/108",0.150683079070131,0.27061450935044,0,0,1.2461132050074,2.35836452062148,"FHL2;ARRB1;ARRB2;FRAT2;SALL1;CCND1;MYB;AKT1;SOX9;ANKRD6;PIAS4;CSNK2A1;PRKCB;CTNNBIP1;WNT5A;CSNK1D;PRKCA;CSNK1E;AXIN2;CDC25C;DKK1;RUNX2;RHOA;MAPK8IP1;SFRP1;SFRP2;DAAM1;MAP1B;CSNK2B;TAX1BP3;ROR2;CAMK2D;LRP1;CTBP1;LRP5;NKD1;LRP6;MAPK9;DVL1;DVL2;MARK2;WNT4;TFAP2A;JUN;SMAD3;FZD2;FZD5;FZD4;CSNK1A1;FZD7;FZD6;FZD8;WNT7A;BCL9;DAB2;VANGL2;DLG2;DLG4;CDK1;PIN1;TCF4;TCF3"
"Eicosanoid Synthesis WP318","12/18",0.156078053691716,0.27469737449742,0,0,1.84787213556711,3.432235954086,"PTGIS;ALOX8;PTGES2;PNPLA8;ALOX5;ALOX5AP;DPEP1;ALOX12;PLA2G6;PTGS2;GGT1;PTGDS"
"Small Ligand GPCRs WP353","12/18",0.156078053691716,0.27469737449742,0,0,1.84787213556711,3.432235954086,"PTGER4;PTGFR;PTGIR;PTGER1;TBXA2R;CNR1;PTGER2;PTGER3;PTAFR;LPAR1;S1PR3;S1PR2"
"Homologous recombination WP1258","9/13",0.167121079092604,0.289577393076304,0,0,2.07868899797863,3.71885091516886,"RAD52;POLD3;RAD50;RAD51;POLD1;MRE11A;NBN;BRCA2;RAD54B"
"Proteasome Degradation WP519","31/52",0.167823261896494,0.289577393076304,0,0,1.36426940796575,2.43500788417902,"PSMD12;UBA7;RPN2;PSMD13;UBE2D3;RPN1;UBE2D1;PSMB10;PSMD8;PSMB6;PSMD9;PSMB7;UCHL1;PSMD6;PSMB4;PSMB5;PSMD5;PSMD3;PSMB1;UBE2B;PSMB8;PSMB9;PSMC5;PSMA4;PSMC3;PSMC1;NEDD4;PSMC2;PSME1;PSME2;H2-Q10"
"Blood Clotting Cascade WP460","13/20",0.173566034201088,0.293727134801842,0,0,1.71586766627691,3.00482256940229,"FGB;FGA;F10;FGG;SERPINE1;SERPINF2;PLAT;PLG;F5;F7;F9;PLAU;F13B"
"Hypertrophy Model WP202","13/20",0.173566034201088,0.293727134801842,0,0,1.71586766627691,3.00482256940229,"JUND;WDR1;IL1R1;IFRD1;IL18;ADAM10;VEGFA;NR4A3;ZEB1;EIF4EBP1;ANKRD1;CCN1;ATF3"
"Mecp2 and Associated Rett Syndrome WP2910","28/47",0.18537238832485,0.310719431858797,0,0,1.36184337410547,2.29523525307293,"CEBPD;CNP;YBX1;NREP;SMC3;FGF2;FUT8;CSRP1;SIN3A;E2F1;MBP;CDON;GAMT;RBFOX1;MEF2C;BDNF;GAD1;TET1;TAP1;MAG;REST;CREB1;BCL6;SP1;HNRNPH1;GPRIN1;HNRNPF;EZH2"
"IL-9 Signaling Pathway WP10","15/24",0.204737501742768,0.333281150263688,0,0,1.5398568172333,2.442253871802,"STAT5A;STAT5B;MAP2K2;STAT1;IRS1;SHC1;STAT3;TYK2;PIK3R1;IL2RG;SOCS3;AKT1;GRB2;JAK3;JAK1"
"Splicing factor NOVA regulated synaptic proteins WP1983","25/42",0.205408228294264,0.333281150263688,0,0,1.358872865641,2.15076407592928,"EPB41;STXBP2;CLSTN1;EFNA5;PRKCZ;RAP1GAP;GPHN;MAPK9;CDH2;EPB41L2;MAP4;STX2;NEO1;CLASP1;MAPK4;CADM3;CADM1;APLP2;CASK;ANK3;ATP2B1;GRIN2B;KCNMA1;TERF2IP;AGRN"
"Ethanol metabolism resulting in production of ROS by CYP2E1 WP4265","7/10",0.20640707601558,0.333281150263688,0,0,2.15548712026433,3.40115382462084,"MAP2K2;SP1;MAFG;MAFF;PRKCD;MAFK;CYP2E1"
"Osteoblast WP238","7/10",0.20640707601558,0.333281150263688,0,0,2.15548712026433,3.40115382462084,"COL1A1;PDGFRB;PDGFRA;TNFSF11;TNFRSF11B;PTH1R;SLC17A2"
"Synthesis and Degradation of Ketone Bodies WP543","4/5",0.213332728917709,0.341332366268335,0,0,3.69482393688667,5.70814171922755,"HMGCL;BDH1;OXCT1;ACAT1"
"ErbB signaling pathway WP1261","27/46",0.222971703058301,0.353540718362711,0,0,1.31307948784313,1.97055205352879,"CDKN1A;SHC2;SRC;ARAF;AREG;ELK1;PIK3R5;ERBB3;ERBB4;MYC;AKT3;EIF4EBP1;ABL1;HRAS;NCK1;STAT5A;JUN;EGF;BAD;GAB1;NRG1;PRKCA;MTOR;EREG;BTC;GRB2;SOS1"
"Nucleotide Metabolism WP87","12/19",0.229044002462065,0.356741101179854,0,0,1.58372534455723,2.33415957264915,"PRPS2;DHFR;PRPS1;POLA1;RRM1;ADSL;RRM2;RRM2B;IMPDH1;MTHFD2;POLD1;OAZ1"
"Orphan GPCRs WP1398","12/19",0.229044002462065,0.356741101179854,0,0,1.58372534455723,2.33415957264915,"ADGRG4;TPRA1;GPR180;SLC52A2;GPR161;ADGRF5;GPR137;GPR4;GPR155;GPR137B;GPR137C;WLS"
"MAPK Cascade WP251","17/28",0.231747455059829,0.357785544653772,0,0,1.42784457619252,2.08766162972181,"MAP2K3;JUN;MAP2K2;MAP3K1;ARAF;MAPK14;ELK1;MAPK10;NRAS;PLCB3;RRAS;RASA3;MBP;KRAS;HRAS;SIPA1;MAP3K12"
"G13 Signaling Pathway WP298","23/39",0.238351760097187,0.364781824148739,0,0,1.32818072289157,1.90462140068759,"RTKN;ROCK2;TNK2;LIMK1;WAS;ARHGDIG;PIK3CD;PIK3CB;WASL;IQGAP1;IQGAP2;RHOA;CIT;CDC42;MAPK10;ARHGDIB;CFL1;PIP4K2A;ARHGEF1;RHPN2;PAK3;PFN1;CALM1"
"Estrogen metabolism WP1264","9/14",0.258224508314828,0.388440286012049,0,0,1.66277793820387,2.2512780918524,"NQO1;GSTM1;UGT1A1;GSTA1;CYP1A1;CYP1B1;UGT1A2;UGT1A9;UGT1A6A"
"Keap1-Nrf2 WP1245","9/14",0.258224508314828,0.388440286012049,0,0,1.66277793820387,2.2512780918524,"NQO1;AIMP2;CEBPB;GCLC;MAF;GSTA2;HMOX1;PRKCA;GCLM"
"Pentose Phosphate Pathway WP63","5/7",0.260451510941455,0.388470050217763,0,0,2.30924660829404,3.10671853794317,"RPIA;TALDO1;PGLS;PGD;TKT"
"Glycogen Metabolism WP317","20/34",0.266299074773951,0.393854093783323,0,0,1.31982490433059,1.7463068686629,"PYGB;GSK3A;GBE1;AGL;PPP2R5B;PPP2R5A;PPP2R2A;PHKB;PHKA1;PYGL;PPP2R5C;GYS2;GYS1;UGP2;PHKG1;PPP2R2C;PPP2R2B;PGM2;CALM1;CALM2"
"ACE Inhibitor Pathway WP396","6/9",0.294553347098844,0.420762650113586,0,0,1.84738260200154,2.2580467902743,"ACE;NOS3;BDKRB2;AGTR1A;AGT;KNG1"
"Eicosanoid Lipid Synthesis Map WP4335","6/9",0.294553347098844,0.420762650113586,0,0,1.84738260200154,2.2580467902743,"PGS1;ALOX5;PLA2G4A;PLA2G6;PTGS2;PTGDS"
"Methylation WP1247","6/9",0.294553347098844,0.420762650113586,0,0,1.84738260200154,2.2580467902743,"NNMT;TPMT;MAT2A;MAT2B;HNMT;INMT"
"Mismatch repair WP1257","6/9",0.294553347098844,0.420762650113586,0,0,1.84738260200154,2.2580467902743,"PCNA;LIG1;RFC1;MSH2;EXO1;POLD1"
"Leptin Insulin Overlap WP578","11/18",0.296446412580026,0.420762650113586,0,0,1.45160846662724,1.76499449131554,"SOCS2;SOCS3;SOCS1;IRS1;PDPK1;INSR;STAT3;LEPR;PIK3R3;AKT1;PIK3CG"
"Delta-Notch Signaling Pathway WP265","46/83",0.303084486339281,0.426742956765707,0,0,1.14872697272234,1.37128556320039,"CNTFR;APP;NOTCH3;NUMBL;HDAC2;MAML2;MAML1;HDAC1;FHL1;DTX1;FURIN;PIK3R1;PSEN1;RBPJ;ASCL1;DLL1;RELA;LFNG;SIN3A;HEY2;AKT1;CCN3;HIVEP3;SKP2;SPEN;HES6;SMAD1;MEF2C;JUN;SMAD3;FBXW7;EGF;STAT3;ADAM10;SAP30;RBX1;NCOR2;NFKBIA;ADAM17;LCK;TRP53;CDK2;NUMB;MAML3;TCF3;ZFPM1"
"EBV LMP1 signaling WP1243","13/22",0.326444639984789,0.452395721553724,0,0,1.33428556144011,1.49372588195551,"CHUK;CCL20;TRADD;TRAF1;TNF;RELA;NFKB1;NFKB2;IRAK1;CCL5;IKBKG;MAP3K14;PDLIM7"
"GPCRs, Class B Secretin-like WP456","13/22",0.326444639984789,0.452395721553724,0,0,1.33428556144011,1.49372588195551,"VIPR1;ADCYAP1R1;CALCRL;GCGR;GLP2R;SCTR;PTH2R;PTH1R;ADGRE1;CALCR;ADGRG2;ADGRE5;ADGRL2"
"Iron Homeostasis WP1596","9/15",0.360299940164051,0.495412417725571,0,0,1.38550389835403,1.41434791053672,"IL6;FTL1;TFR2;HFE;FTH1;SLC40A1;TRF;IL6RA;TNF"
"Robo4 and VEGF Signaling Pathways Crosstalk WP3864","4/6",0.381744367746512,0.516823144026047,0,0,1.84721954974023,1.77887997925004,"SRC;KDR;SLIT2;VEGFA"
"mir-193a and MVP in colon cancer metastasis WP3979","4/6",0.381744367746512,0.516823144026047,0,0,1.84721954974023,1.77887997925004,"CCND2;CCND1;MVP;MYC"
"Signaling of Hepatocyte Growth Factor Receptor WP193","19/34",0.389698301424086,0.52356413015755,0,0,1.1700099560009,1.10259681998778,"ITGB1;MAP4K1;JUN;MAP2K2;SRC;HGF;ITGA1;STAT3;GAB1;FOS;ELK1;RAP1B;PAK1;RASA1;RAPGEF1;PTK2B;GRB2;SOS1;HRAS"
"p38 MAPK Signaling Pathway WP350","20/36",0.397827266275694,0.530436355034259,0,0,1.15460589709,1.06424340555338,"MAP3K1;SHC1;STAT1;TRADD;HSPB1;PLA2G4A;TRAF2;MAPK14;ELK1;TGFBR1;CDC42;CREB1;MKNK1;MYC;MAPKAPK2;GRB2;MAP3K9;HRAS;MAP3K5;HMGN1"
"ESC Pluripotency Pathways WP339","63/118",0.416224813914103,0.550793738713399,0,0,1.0581184852883,0.92747232781573,"WNT2B;ARAF;PIK3CD;FGF1;FGF2;ELK1;FGF7;FGF9;MYC;AKT3;AKT1;HRAS;JAK1;ACVR1;PDGFRB;MAP2K3;PDGFRA;ACTR2;MAP2K2;WNT5B;WNT5A;GAB1;LIFR;HNF1A;FOS;SELENOP;IL6ST;SOS1;PDGFB;LRP5;PDGFA;LRP6;WNT6;MAPK7;DVL1;DVL2;MAPK6;MAPK4;WNT4;WNT10B;SMAD1;WNT10A;FZD3;JUN;FZD2;FZD5;FZD4;EGF;FZD7;FZD6;STAT3;LIF;FZD8;WNT7A;MTOR;BMP4;FGF18;GRB2;FGFR4;FGFR3;FGFR2;FGFR1;BMPR1A"
"Leptin and adiponectin WP683","6/10",0.426772695718331,0.559455804241502,0,0,1.38539260969977,1.17966698301267,"CPT1A;PRKAA1;LEPR;ADIPOR1;PRKAB1;ADIPOR2"
"Cytokines and Inflammatory Response WP222","15/27",0.430427630552568,0.559455804241502,0,0,1.15453144563228,0.973242386289155,"IL11;CSF3;H2-EB1;CSF2;TGFB1;CSF1;IL15;PDGFA;CXCL1;CXCL3;TNF;IL6;CD4;IL7;IL1B"
"Notch Signaling Pathway WP29","25/46",0.432306757822979,0.559455804241502,0,0,1.09958087158511,0.922130351284896,"NOTCH3;HDAC2;NUMBL;HDAC1;CTBP1;MAML1;DTX1;DTX3;RFNG;PSEN1;DTX4;RBPJ;TNF;DLL1;LFNG;APH1A;DVL1;DVL2;DTX3L;NCOR2;KAT2B;KAT2A;ADAM17;NUMB;MAML3"
"Nucleotide GPCRs WP207","7/12",0.441982183532496,0.56780192920963,0,0,1.2930228081994,1.05573464103046,"P2RY6;ADORA2A;ADORA2B;LPAR6;P2RY2;LTB4R1;ADORA1"
"Ovarian Infertility Genes WP273","17/31",0.446272350621702,0.56915893992333,0,0,1.12152696547264,0.904876960354896,"EGR1;CEBPB;SMAD3;VDR;PTGER2;PRLR;SYNE2;ESR2;GDF9;CCND2;CDK4;SMPD1;GJA4;NRIP1;MSH5;PGR;INHA"
"Kennedy pathway WP1771","8/14",0.454574871727258,0.571465553028553,0,0,1.23144048764838,0.970858622796548,"PTDSS2;PCYT1B;SGPL1;PCYT1A;PCYT2;ETNK2;ETNK1;CHPT1"
"Steroid Biosynthesis WP55","8/14",0.454574871727258,0.571465553028553,0,0,1.23144048764838,0.970858622796548,"HSD3B5;HSD3B2;HSD3B3;HSD17B2;HSD17B4;F13B;HSD17B7;CYP17A1"
"Eicosanoid metabolism via Cytochrome P450 Mono-Oxygenases (CYP) pathway WP4349","9/16",0.465326843802791,0.580833507158093,0,0,1.187451012747,0.908418110114522,"CYP4A12A;CYP4A12B;CYP2J5;CYP4F18;CYP2C23;CYP4A10;EPHX2;PPARA;CYP4F14"
"BMP Signaling Pathway in Eyelid Development WP3663","11/20",0.483069249718863,0.598733717961408,0,0,1.12879347047057,0.821304780267286,"BMP4;FOXC2;SMAD1;MAPK9;JUN;SFRP1;SHH;MAP3K1;INHBB;DKK2;FGFR2"
"SIDS Susceptibility Pathways WP1266","32/61",0.522536070130057,0.643121317083148,0,0,1.01903437630982,0.661415740127148,"RYR2;VIPR1;TPH1;DDC;ADCYAP1R1;CHRNA4;ECE1;RORA;IL6RA;YBX1;FOXM1;ASCL1;GATA2;TNF;SLC6A4;HSPD1;C4B;SCN5A;PPARGC1A;PPARGC1B;NKX3-1;CHRNB2;KCNH2;CAV3;NFKB1;AR;IL6;REST;CREB1;SP1;KCNQ1;LMX1B"
"Aflatoxin B1 metabolism WP1262","3/5",0.537276192473447,0.650682845908404,0,0,1.38528138528139,0.860596352261808,"AKR7A5;GSTM1;GSTT1"
"Oxidation by Cytochrome P450 WP1274","21/40",0.53810659851363,0.650682845908404,0,0,1.02069353783418,0.632522356369792,"CYB5B;CYB5A;CYP4B1;CYP7B1;CYP17A1;CYP51;CYP27A1;CYP27B1;CYP26B1;POR;CYP4X1;CYP4F18;CYP24A1;CYP2U1;CYP2S1;CYP4V3;CYP20A1;CYP1A1;CYP1B1;CYP2F2;CYP2E1"
"Fatty Acid Omega Oxidation WP33","4/7",0.543468058798497,0.650682845908404,0,0,1.23135142069142,0.750858817816918,"ALDH2;CYP1A1;CYP2E1;ADH7"
"Hfe effect on hepcidin production WP3673","4/7",0.543468058798497,0.650682845908404,0,0,1.23135142069142,0.750858817816918,"TMPRSS6;HFE;ID1;BMP6"
"Glucocorticoid & Mineralcorticoid Metabolism WP495","7/14",0.661806761141076,0.78701344568128,0,0,0.923395245885863,0.381160629133286,"HSD11B1;HSD11B2;AKR1C21;HSD3B5;HSD3B2;HSD3B3;CYP17A1"
"Non-homologous end joining WP1242","3/6",0.692807844815637,0.818350205956725,0,0,0.923424723424723,0.338899272969675,"RAD50;XRCC5;MRE11A"
"Exercise-induced Circadian Regulation WP544","24/49",0.71432765567875,0.838144449329733,0,0,0.886246385193754,0.298145266380192,"DAZAP2;HSPA8;CEBPB;BTG1;RBPMS;CBX3;H2-DMA;NCOA4;GFRA1;NR1D2;NR1D1;TOB1;TUBB4A;HERPUD1;PER2;DNAJA1;PER1;PSMA4;UGP2;KLF9;CRY1;ERC2;PIGF;EIF4G2"
"Hypothetical Network for Drug Addiction WP1246","15/31",0.719790444989525,0.838961048464611,0,0,0.865537416931523,0.284584511720782,"ZHX2;MAP2K2;PRKCE;ADCY1;GRIN2C;GRIN2B;GRIN2D;CREB1;PPA1;CAMK4;TERF2IP;PRKACA;GRIA3;DRD4;GRIA4"
"Serotonin and anxiety-related events WP2140","6/13",0.757476056313913,0.874662531852915,0,0,0.79140547674035,0.219823437159559,"ARC;PRKCB;PLEK;FOS;PLCD4;GRIN2D"
"Translation Factors WP307","24/50",0.760360041894864,0.874662531852915,0,0,0.85207100591716,0.233436115210336,"EIF2B5;EIF4A1;EIF2AK1;EIF2AK2;EEF2;EIF2S2;EIF1;EEF1B2;EEF2K;EIF6;EIF3I;EIF4EBP1;EIF4EBP2;EIF2S3X;EIF3E;PABPC1;EIF1A;EIF3D;EIF4G3;EIF4B;EIF3A;EIF4G2;PAIP1;EIF4G1"
"Dopaminergic Neurogenesis WP1498","14/30",0.778443830375132,0.889650091857294,0,0,0.807757126348228,0.20230959089716,"CDKN1C;DDC;TGFB1;STAT3;EN2;GLI1;ASCL1;GLI2;NR4A2;SHH;GBX2;LMX1A;LMX1B;NKX6-1"
"NLR Proteins WP1256","4/9",0.783726118613511,0.889908366941793,0,0,0.738656917452376,0.180007483658765,"CD40;CHUK;IKBKG;RELA"
"Striated Muscle Contraction WP216","21/45",0.806476402592663,0.909870813181466,0,0,0.807627445311747,0.173705028525472,"MYBPC2;SMPX;TPM4;ACTN3;TPM3;TNNC1;TPM2;TPM1;NEB;MYOM2;ACTA2;MYH1;DES;JSRP1;TNNT2;TNNI2;TNNI3;DMD;VIM;MYL9;MYH6"
"Neural Crest Differentiation WP2074","47/101",0.884896309942359,0.984402766140326,0,0,0.802849608375644,0.098176307600115,"ITGB1;NOTCH3;HDAC2;HDAC10;HDAC1;HDAC11;TWIST1;BMYC;RBPJ;ASCL1;FGF2;ETS1;DLL1;HDAC9;HDAC7;CDH2;GBX2;MYB;DVL1;HEY2;DVL2;MBP;SOX9;TFAP2A;TFAP2B;SMAD1;FZD3;TCF7L1;AXIN2;ZIC5;BMP7;NFKB1;NFKB2;RHOB;BMP4;GJB1;LHX2;LHX1;ID1;SNAI1;PMP22;SNAI2;LHX5;TCF4;FGFR3;FGFR2;FGFR1"
"Estrogen signaling WP1244","35/77",0.896928378766395,0.984402766140326,0,0,0.768760654894014,0.0836252193159383,"SHC2;HDAC2;SRC;HDAC1;ILK;BRCA1;ELK1;HDAC7;MAPK9;CCND1;POLR2A;SIN3A;POLR2C;AKT1;POLR2F;IKBKG;POLR2H;PRKACA;POLR2I;HRAS;JUN;CHUK;TAF13;GTF2H1;FOS;MAPK14;GTF2F2;ESR1;NFKB1;CREB1;SP1;GNB1;GRB2;SOS1;MNAT1"
"Monoamine GPCRs WP570","14/33",0.898954138358403,0.984402766140326,0,0,0.680003649339064,0.0724362054535563,"CHRM3;HTR1D;HTR2B;HTR1B;ADRB1;ADRA1D;ADRA1B;HTR4;ADRA1A;ADRA2B;HTR6;HTR7;HRH2;DRD4"
"Heart Development WP2067","19/44",0.906931488821824,0.984402766140326,0,0,0.701273725792466,0.0685062856178203,"FOXC2;SMAD1;MEF2C;IRX4;GATA6;VEGFB;NFATC2;GATA4;NFATC1;TBX2;NFATC4;VEGFA;BMP4;SHH;BMP2;ERBB3;TBX10;HEY2;BMPR1A"
"Regulation of Cardiac Hypertrophy by miR-208 WP1526","2/6",0.908219799098743,0.984402766140326,0,0,0.461619853789919,0.0444396171621656,"GATA4;HOPX"
"Ptf1a related regulatory pathway WP201","4/11",0.910431286859659,0.984402766140326,0,0,0.527502130349927,0.0494991383552684,"KAT2B;PROX1;NKX6-1;RBPJ"
"Serotonin and anxiety WP2141","7/18",0.911691198186779,0.984402766140326,0,0,0.58737018923719,0.0543046910086262,"ARC;PRKCB;PLEK;FOS;EEF2;ADRA1A;PLCD4"
"Acetylcholine Synthesis WP175","2/7",0.949582521918353,0.999994748531576,0,0,0.369257406694883,0.0191027349251986,"PCYT1A;PDHA1"
"Biogenic Amine Synthesis WP522","5/15",0.956988343520449,0.999994748531576,0,0,0.461464447224093,0.0202878542601754,"TPH1;DDC;GAD1;HDC;PAH"
"Peptide GPCRs WP234","30/71",0.961218153426966,0.999994748531576,0,0,0.674754403794038,0.0266891608480767,"OPRD1;CX3CR1;OXTR;NPY6R;C5AR1;FPR1;CXCR5;CXCR4;CXCR6;EDNRA;MC2R;EDNRB;GALR2;CXCR3;CXCR2;C3AR1;CCR9;BDKRB2;CCR8;CCR7;CCR5;CCR4;CCR3;CCR10;CCR2;CCR1;SSTR3;AGTR1A;GCAT;TSHR"
"Gene regulatory network modelling somitogenesis  WP2852","3/11",0.975849390954116,0.999994748531576,0,0,0.346103896103896,0.00846120783993874,"LFNG;HES7;DLL1"
"miR-127 in mesendoderm differentiation WP3991","2/9",0.985453232851773,0.999994748531576,0,0,0.263700324300555,0.00386416138343546,"ACVR1;SMAD2"
"GPCRs, Class C Metabotropic glutamate, pheromone WP327","4/15",0.988105480038992,0.999994748531576,0,0,0.335543232984064,0.00401505186075691,"CASR;GPRC5B;GPRC5A;GPRC5C"
"Non-odorant GPCRs WP1396","120/267",0.991370514560545,0.999994748531576,0,0,0.750960045430899,0.00650852194027382,"CHRM3;VIPR1;OXTR;GPR68;GPR65;HTR4;RXFP1;CELSR2;CELSR3;RXFP3;GPR174;HTR6;EDNRA;CYSLTR1;HTR7;EDNRB;C3AR1;ADORA1;CASR;F2R;ADGRB2;ADGRB3;LTB4R1;APLNR;PTGFR;ADCYAP1R1;SUCNR1;CALCRL;C5AR2;C5AR1;LPAR1;FPR1;LPAR3;ADRB1;HCAR2;MC2R;ADGRG1;CALCR;ADGRG2;GALR2;HRH2;TBXA2R;CCR10;DRD4;CCR1;FZD3;XCR1;FZD2;FZD5;FZD4;FZD7;FZD6;HTR1D;FZD8;HTR1B;LPAR5;LPAR6;GPR18;NPY6R;HTR2B;ADRA1D;PTH1R;ADRA1B;ADRA1A;ADGRE1;GPR132;ADGRE5;ADGRE4;FFAR4;CCR9;BDKRB2;CCR8;FFAR2;CCR7;CCR4;CCR3;CCR2;OXGR1;PTGIR;GLP2R;GPBAR1;PTH2R;ADRA2B;SSTR3;AGTR1A;GPRC5B;GPRC5A;ADORA2A;ADORA2B;OPRD1;PTGER4;CX3CR1;PTGER1;PTGER2;PTGER3;PTAFR;CXCR5;CXCR4;CXCR6;P2RY6;CNR1;CXCR3;P2RY2;CXCR2;S1PR3;S1PR2;P2RY12;P2RY13;P2RY10;P2RY14;GCGR;SCTR;TSHR;MAS1;GPR143;F2RL1;ACKR2;ADGRL2;F2RL2;F2RL3"
"Eukaryotic Transcription Initiation WP567","14/43",0.996803718018353,0.999994748531576,0,0,0.44505472610382,0.00142479864595927,"TAF13;ILK;GTF2H1;GTF2F2;POLR2A;POLR3B;POLR1A;POLR2C;POLR3E;POLR1D;POLR3H;POLR2H;POLR2I;MNAT1"
"Cytoplasmic Ribosomal Proteins WP163","35/92",0.99740943518408,0.999994748531576,0,0,0.565566429825408,0.00146703754360163,"RPL4;RPL3;RPL34;RPLP1;RPL12;RPLP0;RPL36A;RPL10A;RPL7;RPS4X;RPS6KA3;RPS16;RPS15A;RPL18A;RPS6KA2;RPL35;RPL13;RPL15;RPS11;RPL18;RPL39;RPL17;RPS12;RPS7;RPS8;RPS5;RPL13A;RPL35A;RPSA;RPL34-PS1;RPS26;RPS3A1;RPS6KB2;RPS20;RPS24"
"mRNA processing WP310","201/457",0.999771992968724,0.999994748531576,0,0,0.71963031406296,0.000164099480154455,"RPL7;DCAF1;LSM11;SNRPD1;EIF2D;RPS11;RPL39;TRIM21;RBFOX1;MBNL1;RBFOX2;IMP3;SECISBP2;UHMK1;AFG3L1;AFG3L2;DDX39B;XRN2;CSTF3;RNASET2B;MRPL11;FXR2;TERT;PCBP3;PCBP4;PCBP1;PCBP2;PPARGC1A;PPARGC1B;BARD1;EIF2AK2;ERAL1;PUM3;WDR55;CPEB1;SLC6A8;HNRNPF;RNPS1;RPS20;HNRNPC;CPEB3;RPS24;SUGP2;CPEB4;BRCA1;CSAD;SYNCRIP;AUH;ZFP385A;RBPMS2;DHX16;MRPS28;PRMT2;PRMT1;ELMOD3;PRPF18;HNRNPH1;TUT1;PABPC1;RNASEL;SF3B3;RNMT;RPL12;OAS1A;OAS1B;TMEM163;AKAP1;OAS1G;EXOSC7;BCLAF1;EXOSC5;RBM15B;EXOSC4;EXOSC8;SPOP;SF3B1;SRSF10;SRSF12;ZFP830;NPM1;MYEF2;GATC;SRP68;TARDBP;MSI1;PARK7;EFTUD2;RDM1;FBL;RBMX2;PSKH1;ZBP1;RPS9;SNRPN;RPS7;ZCRB1;ILF3;RBMXL1;PRPF6;ADAM5;NCL;COL4A3;SNRPG;SRSF2;SRSF3;PPIE;MATR3;SNRPF;SRSF6;SRSF7;SNRPA;ZFP346;DDX5;RNASEH2A;DDX1;PRPF8;NOP9;HNRNPDL;ZMAT4;SAFB2;SMN1;CPSF4;TIA1;RBPMS;CPSF1;FUS;CPSF3;ALYREF;NONO;CPSF2;TDRD7;SYNJ2;LSM4;CLK4;LSM2;CLK2;RALYL;CYP4F18;GGCX;ACO1;GRSF1;EIF4G3;EIF4G2;RBM28;ANKRD33B;EIF4E3;RNPEPL1;CELF2;CELF3;CELF5;ADAR;DDX41;YBX1;ELAVL3;RPS4X;RBM3;RNPEP;DIS3L2;OASL2;RBM14;PTBP2;PTBP3;ESRP2;OAS2;OAS3;RBMS1;NAA38;DNAJC8;SLC25A4;RBMS2;RBMS3;RBM22;RBM47;NUFIP1;POLDIP3;MAK16;DDX21;MRM3;POLR2A;PABPN1;IGF2BP1;SNRPB2;HNRNPA1;TTC14;RBM38;SPEN;LINGO1;PPP1R14B;HNRNPA3;CIZ1;SSB;NIFK;HNRNPAB;BICC1;TTC39A;ENOX1;SNRNP40;ACIN1;SLIRP;RBM45;RBM43"
"GPCRs, Class A Rhodopsin-like WP189","75/228",0.999994137806823,0.999994748531576,0,0,0.44869347525894,2.63033553885189e-06,"GPR27;CHRM3;OXTR;NPY6R;GPR65;HTR2B;ADRA1D;HTR4;ADRA1B;ADRA1A;HTR6;CYSLTR1;HTR7;EDNRB;C3AR1;CCR9;BDKRB2;CCR8;CCR5;CCR4;CCR3;CMKLR1;CCR2;PTGIR;GPR34;GPR35;F2R;ADRA2B;SSTR3;GCAT;AGTR1A;ADORA2A;ADORA2B;LTB4R1;APLNR;OPRD1;PTGER4;CX3CR1;PTGFR;SUCNR1;GPR45;PTGER1;PTGER2;GPR87;PTGER3;PTAFR;C5AR1;FPR1;CXCR5;CXCR4;ADRB1;FPR2;HCAR2;MC2R;P2RY6;GALR2;HRH2;TBXA2R;CNR1;CXCR3;P2RY2;CXCR2;DRD4;CCR1;P2RY12;P2RY13;P2RY14;HTR1D;HTR1B;TSHR;MAS1;F2RL1;ACKR2;F2RL2;F2RL3"
"Odorant GPCRs WP1397","46/189",0.999994439600707,0.999994748531576,0,0,0.293929216069865,1.63436834916762e-06,"GPR27;GPR87;GPR88;MRGPRF;MRGPRE;GPR82;ADGRG3;TAS2R138;GPR173;ADGRG4;GPR176;GPR153;ADGRG7;ADGRA2;ADGRG5;GPR150;GPR171;ADGRG6;GPR137;GPR155;TAS1R3;WLS;CMKLR1;GPR135;GPR157;TPRA1;GPR34;GPR35;SLC52A2;GPR55;ADGRA3;GPR4;GPR137B;GPR137C;GPR141;ADGRD1;ADGRF1;GPR180;GPR161;GPR183;ADGRF4;GPR160;ADGRF5;LGR5;LGR4;GPR146"
"GPCRs, Other WP41","27/155",0.999994748531576,0.999994748531576,0,0,0.192693267283772,1.01192526568694e-06,"VIPR1;GPR88;ADRB1;CELSR2;CELSR3;CYSLTR1;EDNRA;ADGRG1;GPR132;CALCR;ADGRE5;CNR1;ADORA1;CCR7;S1PR2;CCR10;CASR;XCR1;FZD2;FZD5;GPR34;FZD7;HTR1D;PTH2R;GPR143;ADGRF4;GPR146"
